20,0,-2.45,-5.23,-4.71,-9.98,0.13,100
39,0,3.75,-0.81,2.63,-6.60,0.13,100
56,0,4.67,0.83,4.67,-3.10,0.13,100
72,0,5.69,1.87,2.96,-4.41,0.13,100
88,0,5.69,2.34,5.14,-4.69,0.14,100
105,0,6.89,2.59,5.45,-0.72,0.14,100
122,0,8.13,4.65,8.13,1.43,0.14,100
139,0,11.69,7.87,11.04,3.15,0.14,100
153,0,11.69,8.46,11.04,-0.31,0.14,100
167,0,12.15,8.46,10.09,-0.72,0.14,100
178,0,12.15,8.46,11.93,-4.07,0.14,100
195,0,12.63,10.23,11.97,3.59,0.14,100
210,0,12.63,10.23,10.86,4.67,0.14,100
224,0,13.60,10.23,12.30,3.95,0.15,100
239,0,15.34,10.23,11.80,6.97,0.15,100
254,0,15.34,11.01,15.16,4.21,0.15,100
268,0,15.34,11.37,13.43,8.12,0.15,100
282,0,15.34,11.37,12.34,7.46,0.15,100
296,0,15.34,11.37,13.06,8.02,0.15,100
309,0,15.34,11.37,13.46,6.93,0.15,100
323,0,15.34,11.37,14.50,9.60,0.15,100
335,0,16.46,11.37,15.16,6.83,0.15,100
348,0,16.46,11.92,14.35,8.17,0.15,100
362,0,16.46,13.54,15.22,5.00,0.16,100
381,0,16.46,13.54,15.06,5.68,0.16,100
393,0,16.46,13.54,15.64,8.87,0.16,100
406,0,17.00,13.54,14.17,8.66,0.16,100
420,0,17.00,13.54,14.75,7.56,0.16,100
433,0,17.00,13.54,15.13,9.43,0.16,100
447,0,17.00,13.54,14.70,4.46,0.16,100
461,0,17.00,13.54,14.46,8.84,0.16,100
476,0,17.00,13.54,14.96,9.11,0.16,100
490,0,17.00,13.54,14.76,10.56,0.16,100
503,0,17.00,13.54,15.60,12.08,0.16,100
516,0,17.42,13.54,16.47,11.34,0.16,100
530,1,18.33,13.63,16.32,9.92,0.16,100
544,1,19.23,15.37,17.56,11.22,0.16,100
561,1,19.23,15.37,16.06,10.82,0.16,100
576,1,19.23,15.37,16.88,8.93,0.16,100
589,1,19.23,16.35,18.85,11.06,0.16,100
602,1,20.17,16.35,20.04,12.57,0.16,100
615,1,20.99,16.78,18.74,14.98,0.16,100
628,1,20.99,16.78,18.13,12.44,0.16,100
640,1,20.99,17.84,19.45,13.53,0.16,100
653,1,23.76,17.84,20.45,13.54,0.16,100
664,1,23.76,17.84,20.66,11.42,0.17,100
674,1,23.76,17.84,21.99,9.53,0.17,100
686,1,23.76,17.84,23.24,11.61,0.17,100
696,1,23.76,17.84,22.17,9.68,0.17,100
707,1,28.99,18.55,21.23,12.86,0.17,100
721,1,29.54,19.69,29.37,14.42,0.17,100
731,1,29.89,20.06,29.89,13.35,0.17,100
741,1,36.92,26.20,31.65,21.36,0.17,100
750,1,38.24,26.49,33.45,18.58,0.17,100
760,1,38.24,26.49,37.42,19.15,0.17,100
769,1,38.24,33.14,36.93,17.85,0.17,100
778,1,39.99,33.27,39.56,24.70,0.17,100
787,1,40.77,33.27,38.29,27.10,0.17,100
796,1,43.82,36.36,43.82,29.99,0.17,100
805,1,45.15,37.76,44.15,31.33,0.17,100
815,1,45.33,37.76,40.52,28.21,0.17,100
823,1,45.33,37.76,41.10,31.36,0.17,100
831,1,45.33,37.76,40.88,32.01,0.17,100
841,1,45.57,38.81,41.46,30.90,0.17,100
850,1,46.40,40.45,44.59,28.80,0.17,100
858,1,46.40,40.49,45.31,32.22,0.17,100
866,1,47.38,41.54,43.71,26.40,0.17,100
875,1,47.38,42.76,46.01,35.89,0.17,100
885,1,50.35,44.91,50.35,42.81,0.17,100
893,1,50.97,44.91,46.29,35.25,0.17,100
902,1,50.97,44.91,46.68,31.90,0.17,100
911,2,50.97,44.91,48.18,32.33,0.17,100
919,2,50.97,44.91,47.99,32.56,0.17,100
927,2,50.97,44.91,49.28,33.64,0.17,100
934,2,50.97,44.91,47.29,34.39,0.17,100
942,2,50.97,44.91,48.22,29.93,0.17,100
953,2,50.97,44.91,45.35,32.66,0.17,100
961,2,50.97,44.91,45.75,22.97,0.17,100
969,2,50.97,44.91,47.90,34.40,0.17,100
978,2,50.97,44.91,49.43,34.66,0.17,100
987,2,50.97,44.91,46.11,33.36,0.17,100
996,2,50.97,44.91,48.52,35.09,0.17,100
1004,2,50.97,44.91,47.59,33.75,0.17,100
1013,2,51.25,46.10,48.43,32.45,0.17,100
1022,2,52.19,46.10,46.76,30.92,0.17,100
1031,2,52.19,46.10,47.94,31.61,0.17,100
1039,2,52.19,46.10,48.35,32.92,0.17,100
1048,2,52.19,46.10,50.86,38.39,0.17,100
1057,2,53.83,46.52,53.83,33.84,0.17,100
1067,2,53.83,47.61,49.55,38.27,0.17,100
1076,2,55.89,47.61,49.34,39.53,0.17,100
1084,2,55.89,48.13,49.95,41.21,0.17,100
1093,2,55.89,48.13,48.14,38.80,0.17,100
1102,2,55.89,48.88,53.28,40.70,0.17,100
1111,2,55.89,48.88,49.14,39.94,0.17,100
1119,2,55.89,48.88,50.87,42.06,0.17,100
1128,2,55.89,48.88,51.45,38.89,0.17,100
1137,2,55.89,48.88,51.42,34.62,0.17,100
1145,2,55.89,48.88,49.11,29.26,0.17,100
1153,2,55.89,48.88,50.83,34.83,0.17,100
1161,2,55.89,48.88,52.33,33.33,0.17,100
1170,2,56.10,48.88,56.10,35.06,0.17,100
1180,2,56.10,48.88,48.29,34.68,0.17,100
1189,2,56.10,48.88,50.81,41.80,0.17,100
1198,2,56.10,48.88,52.01,38.11,0.17,100
1206,2,56.10,48.88,52.04,37.85,0.17,100
1215,3,56.10,48.88,53.86,39.40,0.17,100
1224,3,56.10,48.88,50.68,41.63,0.17,100
1233,3,56.10,48.88,54.23,41.22,0.17,100
1241,3,56.10,49.01,53.12,41.05,0.17,100
1249,3,56.10,49.01,52.78,40.97,0.17,100
1257,3,60.25,49.47,51.45,40.03,0.17,100
1266,3,60.25,49.47,54.01,37.20,0.17,100
1274,3,60.25,49.47,53.35,38.81,0.17,100
1284,3,60.25,49.47,51.73,31.79,0.17,100
1292,3,60.25,49.47,54.61,31.03,0.17,100
1300,3,60.25,49.47,51.66,29.43,0.17,100
1309,3,60.25,49.47,52.29,35.14,0.17,100
1317,3,60.25,49.47,54.53,27.12,0.17,100
1325,3,60.25,49.47,50.18,31.22,0.17,100
1333,3,60.25,49.47,48.22,31.47,0.17,100
1341,3,60.25,49.47,49.03,31.70,0.17,100
1349,3,60.25,49.47,51.66,33.89,0.17,100
1357,3,60.25,49.47,52.56,34.69,0.17,100
1365,3,60.25,49.47,50.51,36.97,0.17,100
1372,3,60.25,49.47,48.54,37.32,0.17,100
1380,3,60.25,49.47,49.68,39.46,0.17,100
1391,3,60.25,49.47,52.96,41.75,0.17,100
1399,3,60.25,49.47,52.54,41.35,0.17,100
1408,3,60.25,49.47,52.23,39.64,0.17,100
1417,3,60.25,49.47,50.46,36.03,0.17,100
1426,3,60.25,49.47,51.50,37.03,0.17,100
1434,3,60.25,49.47,50.89,35.04,0.17,100
1442,3,60.25,49.47,52.38,36.25,0.17,100
1450,3,60.25,49.47,51.93,35.81,0.17,100
1459,3,60.25,49.47,51.58,37.20,0.17,100
1467,3,60.25,49.47,51.80,38.04,0.17,100
1476,3,60.25,49.47,52.88,36.21,0.17,100
1484,3,60.25,49.47,50.93,36.46,0.17,100
1493,3,60.25,49.47,51.98,40.21,0.17,100
1505,3,60.25,49.47,50.94,37.74,0.17,100
1514,4,60.25,49.49,53.03,36.90,0.17,100
1524,4,60.25,49.49,53.59,41.97,0.17,100
1533,4,60.25,49.49,53.43,39.60,0.17,100
1541,4,60.25,51.07,54.10,42.28,0.17,100
1549,4,60.25,51.07,53.24,37.02,0.17,100
1557,4,60.25,51.07,53.61,36.80,0.17,100
1565,4,60.25,51.07,55.16,35.45,0.17,100
1573,4,60.25,51.07,54.23,38.29,0.17,100
1581,4,60.25,51.07,53.05,38.17,0.17,100
1590,4,60.25,51.07,54.19,36.73,0.17,100
1598,4,60.25,51.07,53.16,37.44,0.17,100
1607,4,60.25,51.07,52.73,39.70,0.17,100
1617,4,60.25,51.07,54.07,40.85,0.17,100
1625,4,60.25,53.36,52.15,40.08,0.17,100
1633,4,60.25,53.36,55.54,42.08,0.17,100
1642,4,60.25,53.36,53.82,39.10,0.17,100
1650,4,60.25,53.36,55.16,32.71,0.17,100
1658,4,60.25,53.36,53.23,37.30,0.17,100
1667,4,60.25,53.36,55.75,38.02,0.17,100
1675,4,60.25,53.36,53.96,41.57,0.17,100
1683,4,60.25,53.36,54.09,34.91,0.17,100
1691,4,60.25,53.36,51.17,35.26,0.17,100
1699,4,60.25,53.36,53.83,38.78,0.17,100
1708,4,60.25,53.36,49.16,38.53,0.17,100
1717,4,60.25,53.36,51.21,35.82,0.17,100
1727,4,60.25,53.36,50.85,39.28,0.17,100
1735,4,60.25,53.36,52.59,38.78,0.17,100
1743,4,60.25,53.36,55.84,36.76,0.17,100
1750,4,60.25,53.36,50.89,34.60,0.17,100
1758,4,60.25,53.36,51.36,36.17,0.17,100
1766,4,60.25,53.36,50.43,37.48,0.17,100
1774,4,60.25,53.36,49.91,38.05,0.17,100
1782,4,60.25,53.36,49.94,37.63,0.17,100
1790,4,60.25,53.36,49.98,37.39,0.17,100
1797,4,60.25,53.36,50.34,36.04,0.17,100
1805,5,60.25,53.36,49.14,38.76,0.17,100
1813,5,60.25,53.36,50.25,39.05,0.17,100
1823,5,60.25,53.36,51.66,40.29,0.17,100
1830,5,60.25,53.36,50.06,39.22,0.17,100
1837,5,61.06,53.36,55.60,40.79,0.17,100
1844,5,62.75,53.36,57.97,39.37,0.17,100
1851,5,66.03,53.36,59.20,35.38,0.17,100
1858,5,66.51,53.36,64.02,41.63,0.17,100
1865,5,66.51,58.03,59.79,42.38,0.17,100
1871,5,70.55,58.03,70.55,47.75,0.17,100
1878,5,76.74,63.73,73.33,43.99,0.17,100
1884,5,76.87,66.92,74.08,43.87,0.17,100
1890,5,82.31,66.92,78.70,49.51,0.17,100
1897,5,82.31,66.92,78.81,50.63,0.17,100
1904,5,86.66,66.92,79.97,45.13,0.17,100
1912,5,86.66,66.92,78.37,47.66,0.17,100
1918,5,86.66,67.05,77.99,47.75,0.17,100
1925,5,86.66,67.05,79.18,39.94,0.17,100
1932,5,89.46,67.05,80.93,47.43,0.17,100
1939,5,89.46,71.18,75.15,51.44,0.17,100
1945,5,89.46,71.97,77.20,53.33,0.17,100
1952,5,89.46,71.97,80.43,48.73,0.17,100
1959,5,89.46,71.97,80.15,51.87,0.17,100
1966,5,89.46,71.97,82.27,56.42,0.17,100
1972,5,89.46,71.97,78.10,55.42,0.17,100
1978,5,89.46,75.06,86.21,58.85,0.17,100
1984,5,90.71,75.06,81.89,63.22,0.17,100
1992,5,90.71,75.06,83.46,54.27,0.17,100
1999,5,90.71,77.66,87.05,57.64,0.17,100
2006,5,90.71,77.66,80.01,55.08,0.17,100
2012,5,94.97,77.66,83.05,57.50,0.17,100
2019,5,94.97,77.66,82.21,57.62,0.17,100
2025,5,94.97,84.66,87.74,62.65,0.17,100
2032,5,94.97,84.66,86.35,52.22,0.17,100
2038,5,94.97,84.66,83.15,53.38,0.17,100
2045,6,94.97,84.66,86.42,50.75,0.17,100
2052,6,94.97,84.66,82.41,53.10,0.17,100
2059,6,94.97,84.66,83.96,49.57,0.17,100
2066,6,94.97,84.66,86.77,54.48,0.17,100
2073,6,94.97,84.66,87.53,57.73,0.17,100
2082,6,94.97,84.66,89.13,58.68,0.17,100
2089,6,94.97,84.66,82.87,62.06,0.17,100
2096,6,94.97,84.66,89.79,65.59,0.17,100
2103,6,94.97,84.66,87.65,62.10,0.17,100
2110,6,96.40,84.66,88.70,53.59,0.17,100
2117,6,96.40,84.66,84.56,58.95,0.17,100
2124,6,96.40,84.66,81.31,53.89,0.17,100
2130,6,96.40,84.66,85.10,59.02,0.17,100
2137,6,96.40,84.66,89.69,57.50,0.17,100
2144,6,96.40,84.66,86.24,59.48,0.17,100
2151,6,96.40,84.66,89.95,60.71,0.17,100
2158,6,98.47,84.66,90.14,56.39,0.17,100
2167,6,98.47,84.66,86.91,56.89,0.17,100
2174,6,98.47,84.66,88.28,62.80,0.17,100
2181,6,98.47,84.66,91.23,47.11,0.17,100
2187,6,98.47,84.66,90.52,48.93,0.17,100
2194,6,98.47,84.66,82.96,44.97,0.17,100
2201,6,98.47,84.66,84.16,55.70,0.17,100
2207,6,98.47,84.66,84.90,55.94,0.17,100
2214,6,98.47,84.66,94.15,46.78,0.17,100
2221,6,98.47,84.66,85.01,56.29,0.17,100
2228,6,98.47,84.66,88.65,59.50,0.17,100
2234,6,98.47,84.66,88.30,63.50,0.17,100
2241,6,98.47,84.66,89.62,56.35,0.17,100
2248,6,98.47,84.66,88.76,62.36,0.17,100
2257,6,98.47,84.66,87.07,61.62,0.17,100
2264,6,98.47,84.66,92.32,58.48,0.17,100
2271,6,98.47,84.66,95.21,53.21,0.17,100
2277,7,98.47,84.66,87.55,61.55,0.17,100
2283,7,98.47,84.66,89.24,55.66,0.17,100
2290,7,98.47,84.66,85.51,63.89,0.17,100
2297,7,98.47,84.66,87.98,61.80,0.17,100
2304,7,98.47,84.66,87.36,56.61,0.17,100
2311,7,98.47,84.66,88.45,56.44,0.17,100
2318,7,98.47,84.66,83.61,62.94,0.17,100
2325,7,98.47,84.66,86.69,58.24,0.17,100
2332,7,98.47,84.66,91.12,70.11,0.17,100
2339,7,98.47,84.66,92.08,69.31,0.17,100
2347,7,98.47,84.66,94.16,65.86,0.17,100
2354,7,99.42,84.66,95.28,61.95,0.17,100
2361,7,100.52,84.66,90.24,61.85,0.17,100
2368,7,100.52,84.66,94.81,67.34,0.17,100
2375,7,100.52,84.66,85.21,64.98,0.18,100
2382,7,100.53,84.66,84.71,67.50,0.18,100
2388,7,100.53,84.66,87.30,66.01,0.18,100
2395,7,100.53,84.66,87.42,73.23,0.17,100
2402,7,100.53,84.66,89.91,71.84,0.17,100
2409,7,103.38,85.61,103.38,69.23,0.18,100
2415,7,103.38,86.34,96.33,76.75,0.18,100
2422,7,103.38,86.76,100.56,77.24,0.18,100
2430,7,103.38,86.83,100.26,80.17,0.18,100
2436,7,103.38,89.75,96.62,76.69,0.18,100
2443,7,103.66,95.82,97.97,66.82,0.18,100
2450,7,103.66,95.82,93.42,72.72,0.17,100
2457,7,103.66,95.82,97.28,71.34,0.17,100
2464,7,106.27,95.82,102.02,73.96,0.17,100
2471,7,108.90,95.82,99.14,77.87,0.17,100
2477,7,108.90,95.82,103.77,79.77,0.17,100
2483,7,108.90,95.82,100.71,78.22,0.17,100
2490,7,108.90,95.82,100.78,76.52,0.18,100
2496,7,108.90,95.82,100.31,74.26,0.18,100
2503,7,108.90,95.82,108.61,79.81,0.18,100
2511,8,108.90,95.82,98.70,79.88,0.18,100
2520,8,109.74,95.82,103.26,78.65,0.18,100
2526,8,109.74,95.82,97.43,74.06,0.18,100
2533,8,109.74,98.90,101.91,78.82,0.17,100
2540,8,109.74,98.90,105.36,80.87,0.17,100
2546,8,109.74,98.90,105.85,81.23,0.17,100
2553,8,109.74,98.90,101.95,80.88,0.17,100
2560,8,113.67,98.90,113.67,80.04,0.17,100
2567,8,113.67,98.90,100.85,82.61,0.17,100
2574,8,113.67,98.90,101.05,78.94,0.17,100
2581,8,113.67,98.90,104.66,85.65,0.17,100
2588,8,113.67,98.90,99.02,86.65,0.17,100
2594,8,113.67,98.90,106.23,80.71,0.17,100
2602,8,113.67,98.90,102.77,79.55,0.17,100
2609,8,113.67,98.90,102.96,78.23,0.17,100
2616,8,113.67,98.90,106.34,83.73,0.17,100
2623,8,113.67,98.90,100.82,82.10,0.17,100
2629,8,113.67,98.90,103.25,82.00,0.17,100
2635,8,113.67,98.90,95.56,77.99,0.17,100
2642,8,113.67,98.90,103.41,79.19,0.17,100
2649,8,113.67,98.90,102.99,84.55,0.17,100
2656,8,113.67,98.90,106.93,79.01,0.17,100
2663,8,113.67,98.90,104.54,81.61,0.17,100
2670,8,113.67,98.90,104.58,78.98,0.17,100
2677,8,113.67,99.49,103.76,82.56,0.17,100
2686,8,113.67,99.49,106.17,77.80,0.17,100
2693,8,113.67,99.49,106.57,83.29,0.17,100
2699,8,113.67,99.49,98.07,76.29,0.17,100
2706,8,113.67,99.49,105.11,76.76,0.17,100
2712,8,113.67,99.49,104.35,78.97,0.17,100
2718,8,113.67,99.49,107.20,81.97,0.17,100
2725,8,113.67,100.66,107.78,71.57,0.17,100
2732,8,113.67,100.66,105.56,82.05,0.17,100
2739,9,113.67,100.66,107.31,86.74,0.17,100
2746,9,113.67,100.66,104.53,80.23,0.17,100
2753,9,113.67,100.66,101.46,76.45,0.17,100
2760,9,113.67,100.66,106.48,79.94,0.17,100
2767,9,113.67,100.66,101.19,72.00,0.17,100
2776,9,113.67,100.66,96.24,65.62,0.17,100
2782,9,113.67,100.66,105.15,72.76,0.17,100
2788,9,113.67,100.66,102.30,76.05,0.17,100
2794,9,113.67,100.66,100.52,65.93,0.17,100
2800,9,113.67,100.66,94.88,67.19,0.17,100
2806,9,113.67,100.66,94.95,58.29,0.17,100
2812,9,113.67,100.66,94.72,60.20,0.17,100
2819,9,113.67,100.66,108.46,68.32,0.17,100
2825,9,113.67,100.66,102.97,61.00,0.17,100
2832,9,113.67,100.66,104.13,68.89,0.17,100
2838,9,113.67,100.66,111.20,67.68,0.17,100
2845,9,113.67,100.66,106.67,77.69,0.17,100
2851,9,113.67,100.66,104.62,73.78,0.17,100
2860,9,113.67,100.66,102.72,66.49,0.17,100
2867,9,113.67,100.66,97.33,75.69,0.17,100
2873,9,113.67,100.66,105.69,76.12,0.17,100
2880,9,113.67,100.66,108.97,83.09,0.17,100
2887,9,113.67,100.66,112.97,74.91,0.17,100
2894,9,113.67,100.66,100.32,70.97,0.17,100
2901,9,113.67,100.66,99.02,65.43,0.17,100
2908,9,113.67,100.66,106.69,69.73,0.17,100
2915,9,113.67,100.66,101.39,67.47,0.17,100
2922,9,113.67,100.66,95.96,65.47,0.17,100
2929,9,113.67,100.66,100.24,77.21,0.17,100
2936,9,113.67,100.66,107.43,75.63,0.17,100
2944,9,113.67,100.66,100.38,64.55,0.17,100
2951,9,113.67,100.66,98.17,73.69,0.17,100
2958,9,113.67,100.66,98.17,71.72,0.17,100
2965,9,113.67,100.66,98.47,70.20,0.17,100
2972,10,113.67,100.66,104.84,76.63,0.17,100
2979,10,113.67,100.66,98.62,75.10,0.17,100
2985,10,113.67,100.66,101.36,77.61,0.17,100
2992,10,113.67,100.66,98.88,78.84,0.17,100
2999,10,113.67,100.66,108.44,66.37,0.17,100
3006,10,113.67,100.66,108.81,72.04,0.17,100
3013,10,113.67,100.66,104.32,69.31,0.17,100
3020,10,113.67,100.66,100.05,71.01,0.17,100
3027,10,113.67,100.66,104.54,73.23,0.17,100
3036,10,113.67,100.66,101.64,75.12,0.17,100
3042,10,113.67,100.66,108.06,75.98,0.17,100
3049,10,113.67,100.66,103.24,77.99,0.17,100
3056,10,113.67,100.66,106.70,75.81,0.17,100
3063,10,113.67,100.66,101.20,78.47,0.17,100
3069,10,113.67,100.66,102.18,80.89,0.17,100
3075,10,113.67,100.66,103.81,79.04,0.17,100
3082,10,113.67,100.66,103.65,79.54,0.17,100
3089,10,113.67,100.66,100.83,81.18,0.17,100
3096,10,113.67,100.66,102.13,81.69,0.17,100
3103,10,113.67,100.66,99.86,76.78,0.17,100
3110,10,113.67,100.66,103.16,82.36,0.17,100
3118,10,113.67,100.66,105.08,84.34,0.17,100
3125,10,113.67,100.66,104.50,83.43,0.17,100
3131,10,113.67,100.66,106.65,77.95,0.17,100
3138,10,113.67,100.66,103.99,84.38,0.17,100
3145,10,113.67,100.66,100.09,83.22,0.17,100
3152,10,113.67,100.66,101.37,86.65,0.17,100
3159,10,113.67,100.66,106.75,85.62,0.17,100
3166,10,113.67,100.66,103.66,77.56,0.17,100
3173,10,113.67,100.66,101.93,77.08,0.17,100
3180,10,113.67,100.66,97.03,70.63,0.17,100
3187,10,113.67,100.66,99.32,74.83,0.17,100
3193,10,113.67,100.66,99.65,78.79,0.17,100
3200,10,113.67,100.66,104.32,73.21,0.17,100
3209,11,113.67,100.66,101.01,80.87,0.17,100
3216,11,113.67,100.66,99.81,81.50,0.17,100
3222,11,113.67,100.66,103.64,85.11,0.17,100
3228,11,113.67,100.66,107.32,82.21,0.17,100
3235,11,113.67,100.66,106.31,79.02,0.17,100
3242,11,114.65,100.66,110.85,87.74,0.17,100
3249,11,114.95,100.66,111.55,88.99,0.18,100
3255,11,117.75,100.66,117.75,87.37,0.18,100
3261,11,117.75,100.66,107.68,86.36,0.18,100
3268,11,117.75,100.66,112.53,85.53,0.18,100
3275,11,117.75,100.66,107.55,82.88,0.18,100
3281,11,117.75,100.66,110.76,83.64,0.18,100
3289,11,117.75,102.78,108.67,84.22,0.18,100
3296,11,117.75,104.97,104.48,80.02,0.18,100
3303,11,117.75,104.97,114.64,90.63,0.18,100
3310,11,117.75,104.97,106.42,84.88,0.18,100
3316,11,117.75,104.97,107.85,86.97,0.18,100
3323,11,117.75,104.97,104.80,80.21,0.18,100
3330,11,117.75,104.97,106.32,79.16,0.18,100
3337,11,117.75,104.97,109.19,77.65,0.18,100
3344,11,117.75,104.97,102.15,75.45,0.18,100
3351,11,117.75,104.97,108.05,80.04,0.17,100
3358,11,117.75,104.97,109.79,76.74,0.18,100
3364,11,117.75,104.97,109.83,73.08,0.17,100
3371,11,117.75,104.97,105.94,78.56,0.17,100
3379,11,117.75,104.97,103.51,78.67,0.17,100
3385,11,117.75,104.97,101.40,77.20,0.17,100
3392,11,117.75,104.97,101.60,77.35,0.17,100
3399,11,117.75,104.97,109.83,85.51,0.17,100
3406,11,117.75,104.97,108.74,77.48,0.17,100
3413,11,117.75,104.97,108.76,86.60,0.17,100
3420,11,117.75,104.97,103.44,79.91,0.17,100
3427,11,117.75,104.97,97.71,84.52,0.17,100
3434,11,117.75,104.97,99.86,81.84,0.17,100
3441,12,117.75,104.97,107.15,73.42,0.17,100
3448,12,117.75,104.97,97.88,80.05,0.17,100
3455,12,117.75,104.97,101.33,84.44,0.17,100
3465,12,117.75,104.97,97.72,83.82,0.17,100
3472,12,117.75,104.97,99.04,80.80,0.17,100
3479,12,117.75,104.97,100.44,86.17,0.17,100
3486,12,117.75,104.97,99.44,85.75,0.17,100
3492,12,117.75,104.97,107.11,87.52,0.17,100
3499,12,117.75,104.97,106.21,86.73,0.17,100
3506,12,117.75,104.97,104.75,83.97,0.17,100
3513,12,117.75,104.97,111.15,83.43,0.17,100
3520,12,117.75,104.97,113.45,80.11,0.17,100
3527,12,117.75,104.97,108.63,78.81,0.17,100
3533,12,117.75,104.97,108.21,81.07,0.17,100
3540,12,117.75,104.97,111.25,78.80,0.17,100
3548,12,117.75,104.97,104.59,79.59,0.17,100
3556,12,117.75,104.97,99.18,65.54,0.17,100
3562,12,117.75,104.97,107.07,77.32,0.17,100
3569,12,117.75,104.97,108.82,85.35,0.17,100
3576,12,117.75,104.97,103.18,87.57,0.17,100
3582,12,117.75,104.97,110.51,87.81,0.17,100
3589,12,117.75,104.97,104.42,85.40,0.17,100
3596,12,117.75,104.97,109.88,85.80,0.17,100
3603,12,117.75,104.97,105.93,86.01,0.17,100
3610,12,117.75,104.97,114.03,83.28,0.17,100
3617,12,117.75,104.97,116.74,77.03,0.18,100
3623,12,117.75,104.97,102.14,83.82,0.17,100
3630,12,117.75,104.97,105.32,83.89,0.18,100
3638,12,117.75,104.97,115.21,87.93,0.18,100
3644,12,117.75,104.97,109.70,89.52,0.17,100
3651,12,117.75,104.97,116.66,85.87,0.17,100
3657,12,117.75,107.75,113.50,80.50,0.17,100
3664,12,120.08,107.75,111.50,84.60,0.17,100
3670,13,120.08,107.75,109.16,80.73,0.17,100
3676,13,120.08,107.75,104.82,77.33,0.17,100
3683,13,120.08,107.75,106.90,73.42,0.18,100
3689,13,120.08,107.75,109.82,80.47,0.18,100
3695,13,123.00,107.75,109.93,86.78,0.18,100
3702,13,123.00,107.75,110.54,93.50,0.18,100
3709,13,123.71,107.75,110.29,84.05,0.18,100
3717,13,123.71,107.75,111.47,87.45,0.18,100
3725,13,123.71,107.75,112.12,88.55,0.18,100
3731,13,123.71,107.75,113.27,92.50,0.18,100
3738,13,129.13,107.75,119.55,87.71,0.18,100
3744,13,129.13,107.75,122.11,85.71,0.18,100
3751,13,131.67,110.05,122.31,92.47,0.17,100
3758,13,131.67,112.18,116.07,93.13,0.17,100
3765,13,131.67,112.18,114.82,84.45,0.17,100
3772,13,131.67,112.18,111.21,85.26,0.17,100
3779,13,131.67,112.18,116.63,88.35,0.17,100
3786,13,131.67,112.18,111.25,90.01,0.17,100
3793,13,131.67,112.18,108.06,86.46,0.17,100
3800,13,131.67,112.18,111.81,79.48,0.17,100
3809,13,131.67,112.18,112.35,89.84,0.18,100
3816,13,131.67,112.18,111.92,91.54,0.18,100
3823,13,131.67,112.18,113.90,97.76,0.18,100
3830,13,131.67,112.18,112.45,94.97,0.18,100
3837,13,131.67,112.18,105.82,89.01,0.18,100
3844,13,131.67,112.18,113.10,95.59,0.18,100
3850,13,131.67,112.18,110.92,91.30,0.18,100
3857,13,131.67,112.18,113.97,90.98,0.18,100
3864,13,131.67,112.18,115.61,87.38,0.18,100
3871,13,131.67,112.18,115.80,88.80,0.18,100
3878,13,131.67,112.18,117.49,89.78,0.18,100
3885,13,131.67,112.18,113.91,88.04,0.18,100
3894,13,131.67,112.18,109.34,88.71,0.18,100
3901,14,131.67,112.18,110.06,83.72,0.18,100
3908,14,131.67,112.18,113.41,90.97,0.18,100
3915,14,131.67,112.18,114.08,79.53,0.18,100
3921,14,131.67,112.18,111.33,93.28,0.17,100
3928,14,131.67,112.18,108.73,86.93,0.17,100
3935,14,131.67,112.18,110.61,85.83,0.17,100
3942,14,131.67,112.18,109.74,83.67,0.17,100
3949,14,131.67,112.18,110.26,82.53,0.17,100
3955,14,131.67,112.18,111.69,87.75,0.17,100
3962,14,131.67,112.18,111.99,89.40,0.17,100
3968,14,131.67,112.18,120.86,94.68,0.18,100
3975,14,131.67,112.18,112.56,97.48,0.18,100
3983,14,131.67,112.18,119.61,90.46,0.18,100
3990,14,131.67,112.18,121.73,100.08,0.18,100
3997,14,131.67,112.18,120.73,96.63,0.18,100
4004,14,131.67,112.18,122.88,93.18,0.18,100
4010,14,131.67,112.18,119.13,101.57,0.18,100
4017,14,131.67,114.06,119.91,103.21,0.18,100
4024,14,131.67,114.06,123.13,97.18,0.18,100
4031,14,131.67,114.06,123.16,95.49,0.18,100
4037,14,131.67,114.06,115.46,97.64,0.18,100
4044,14,131.67,114.06,129.86,89.30,0.18,100
4050,14,131.67,114.06,118.08,84.45,0.18,100
4057,14,131.67,114.06,119.23,85.60,0.18,100
4067,14,131.67,114.06,112.07,79.10,0.18,100
4074,14,131.67,114.06,119.57,81.04,0.18,100
4081,14,131.67,114.06,117.13,86.77,0.18,100
4088,14,131.67,114.06,120.36,87.82,0.18,100
4095,14,131.67,114.06,119.03,87.86,0.18,100
4102,14,131.67,114.06,120.95,94.28,0.18,100
4109,14,131.67,114.06,121.65,91.10,0.18,100
4115,14,131.67,114.06,122.24,97.48,0.18,100
4122,14,131.67,114.06,120.49,94.06,0.18,100
4129,14,131.67,114.06,123.49,95.56,0.18,100
4136,15,131.67,114.06,119.25,95.77,0.18,100
4143,15,131.67,114.06,118.91,97.74,0.18,100
4152,15,131.67,114.06,119.40,101.74,0.18,100
4159,15,131.67,114.06,119.27,95.88,0.18,100
4166,15,131.67,114.06,119.95,100.60,0.18,100
4173,15,131.67,114.06,128.61,85.36,0.18,100
4180,15,131.67,114.06,123.42,90.23,0.18,100
4187,15,131.67,122.87,124.70,95.26,0.18,100
4194,15,131.67,122.87,118.30,90.67,0.18,100
4201,15,131.67,122.87,115.35,87.88,0.18,100
4208,15,131.67,122.87,116.09,94.99,0.18,100
4215,15,131.67,122.87,118.86,87.25,0.18,100
4222,15,131.67,122.87,130.42,97.16,0.18,100
4229,15,131.67,122.87,126.39,97.47,0.18,100
4236,15,131.67,122.87,122.60,101.12,0.18,100
4244,15,131.67,122.87,125.76,95.51,0.18,100
4251,15,131.67,122.87,118.40,97.03,0.18,100
4257,15,131.67,122.87,120.49,95.26,0.18,100
4264,15,134.47,122.87,122.11,99.05,0.18,100
4271,15,134.47,122.87,121.57,98.98,0.18,100
4278,15,134.47,127.42,123.84,98.47,0.18,100
4284,15,134.47,127.42,123.34,97.09,0.18,100
4291,15,134.80,127.42,124.82,100.12,0.18,100
4297,15,134.80,127.42,118.96,97.91,0.18,100
4304,15,134.80,127.42,125.60,100.23,0.18,100
4311,15,134.80,127.42,123.43,104.41,0.18,100
4317,15,134.80,127.42,123.54,101.65,0.18,100
4326,15,134.80,127.42,127.41,98.27,0.18,100
4333,15,135.52,127.42,127.90,99.03,0.18,100
4340,15,135.52,127.42,123.09,105.43,0.18,100
4347,15,135.52,127.42,122.22,99.13,0.18,100
4354,15,135.52,127.42,117.85,99.05,0.18,100
4361,15,135.52,127.42,122.13,99.76,0.18,100
4368,16,135.52,127.42,122.86,98.23,0.18,100
4375,16,135.52,127.42,127.97,99.11,0.18,100
4382,16,135.52,127.42,121.67,88.34,0.18,100
4389,16,135.52,127.42,126.83,96.54,0.18,100
4395,16,135.52,127.42,121.52,83.91,0.18,100
4402,16,135.52,127.42,119.42,98.10,0.18,100
4411,16,135.52,127.42,120.34,94.82,0.18,100
4418,16,135.52,127.42,121.20,88.28,0.18,100
4425,16,135.52,127.42,122.95,91.89,0.18,100
4432,16,135.52,127.42,120.15,92.18,0.18,100
4439,16,135.52,127.42,119.39,88.63,0.18,100
4446,16,135.52,127.42,114.45,85.69,0.18,100
4452,16,135.52,127.42,120.75,88.25,0.18,100
4459,16,135.52,127.42,121.83,93.89,0.18,100
4467,16,135.52,127.42,115.04,94.42,0.18,100
4474,16,135.52,127.42,118.05,95.50,0.18,100
4481,16,135.52,127.42,111.04,83.77,0.18,100
4488,16,135.52,127.42,116.67,90.70,0.18,100
4495,16,135.52,127.42,113.74,93.38,0.18,100
4504,16,135.52,127.42,122.71,87.07,0.18,100
4511,16,135.52,127.42,114.89,99.18,0.18,100
4518,16,135.52,127.42,115.55,96.93,0.18,100
4525,16,135.52,127.42,117.07,92.32,0.18,100
4531,16,135.52,127.42,118.15,96.84,0.18,100
4538,16,135.52,127.42,114.90,92.08,0.18,100
4544,16,135.52,127.42,110.92,90.93,0.18,100
4550,16,135.52,127.42,111.79,95.98,0.18,100
4557,16,135.52,127.42,114.60,92.85,0.18,100
4564,16,135.52,127.42,118.34,94.05,0.18,100
4571,16,135.52,127.42,111.78,88.34,0.18,100
4578,16,135.52,127.42,115.03,89.56,0.18,100
4587,16,135.52,127.42,111.44,87.42,0.18,100
4594,16,135.52,127.42,113.27,91.24,0.18,100
4601,17,135.52,127.42,121.99,93.92,0.18,100
4608,17,135.52,127.42,115.80,89.67,0.18,100
4615,17,135.52,127.42,130.04,102.44,0.18,100
4621,17,135.52,127.42,126.24,96.58,0.18,100
4628,17,135.52,127.42,128.05,92.69,0.18,100
4635,17,135.52,127.42,132.09,94.82,0.18,100
4642,17,140.14,127.42,125.44,94.98,0.18,100
4649,17,140.14,127.42,126.02,100.78,0.18,100
4656,17,140.14,127.42,128.86,102.53,0.18,100
4662,17,140.14,127.42,129.60,102.68,0.18,100
4669,17,140.14,127.42,130.63,97.33,0.18,100
4677,17,140.14,127.42,128.75,100.95,0.18,100
4683,17,140.14,127.42,125.58,99.91,0.18,100
4690,17,140.14,127.42,119.72,91.24,0.18,100
4697,17,140.14,127.42,130.35,100.68,0.18,100
4704,17,140.14,127.42,123.44,94.27,0.18,100
4711,17,140.14,127.42,118.48,94.71,0.18,100
4718,17,140.14,127.42,121.86,88.75,0.18,100
4725,17,140.14,127.42,125.83,97.20,0.18,100
4732,17,140.14,127.42,120.90,89.15,0.18,100
4739,17,140.14,127.42,121.22,92.81,0.18,100
4745,17,140.14,127.42,123.19,94.37,0.18,100
4751,17,140.14,127.42,117.77,85.75,0.18,100
4760,17,140.14,127.42,118.22,80.46,0.18,100
4767,17,140.14,127.42,116.48,90.31,0.18,100
4774,17,140.14,127.42,123.03,88.88,0.18,100
4781,17,140.14,127.42,127.66,92.67,0.18,100
4788,17,140.14,127.42,128.37,92.44,0.18,100
4795,17,140.14,127.42,133.84,90.98,0.18,100
4802,17,140.14,127.42,139.00,85.49,0.18,100
4809,17,140.14,127.42,124.27,94.25,0.18,100
4816,17,140.14,127.42,128.96,88.35,0.18,100
4823,17,140.14,127.42,125.76,88.93,0.18,100
4830,17,140.14,127.42,123.40,91.09,0.18,100
4837,18,140.14,127.42,122.40,89.23,0.18,100
4846,18,140.14,127.42,123.64,94.46,0.18,100
4853,18,140.14,127.42,121.54,93.05,0.18,100
4860,18,140.14,127.42,120.55,91.67,0.18,100
4867,18,140.14,127.42,124.34,91.82,0.18,100
4874,18,140.14,127.42,122.05,85.98,0.18,100
4881,18,140.14,127.42,125.86,96.36,0.18,100
4888,18,140.14,127.42,122.01,94.62,0.18,100
4895,18,140.14,127.42,128.81,91.86,0.18,100
4902,18,140.14,127.42,121.27,89.66,0.18,100
4908,18,140.14,127.42,123.28,92.94,0.18,100
4914,18,140.14,127.42,121.12,95.28,0.18,100
4921,18,140.14,127.42,123.06,91.30,0.18,100
4928,18,140.14,127.42,133.20,98.69,0.18,100
4937,18,140.14,127.42,133.74,98.67,0.18,100
4945,18,143.50,127.42,131.31,94.62,0.18,100
4952,18,143.50,127.42,127.27,84.38,0.18,100
4959,18,143.50,127.42,122.93,87.72,0.18,100
4966,18,143.50,127.42,123.62,90.42,0.18,100
4973,18,143.50,127.42,121.37,90.87,0.18,100
4980,18,143.50,127.42,129.08,102.59,0.18,100
4987,18,143.50,127.42,130.26,97.52,0.18,100
4994,18,143.50,127.42,127.77,100.05,0.18,100
5001,18,143.50,127.42,121.13,93.31,0.18,100
5008,18,143.50,127.42,129.02,95.00,0.18,100
5015,18,143.50,127.42,134.65,97.11,0.18,100
5023,18,143.50,131.29,122.13,93.33,0.18,100
5030,18,143.50,131.29,126.94,95.43,0.18,100
5037,18,143.50,131.29,132.81,106.74,0.18,100
5044,18,143.50,131.29,128.27,98.12,0.18,100
5051,18,143.50,131.29,124.57,91.40,0.18,100
5058,18,143.50,131.29,117.83,92.87,0.18,100
5065,19,143.50,131.29,127.05,89.45,0.18,100
5072,19,143.50,131.29,131.11,95.00,0.18,100
5079,19,143.50,131.29,125.75,92.69,0.18,100
5086,19,143.50,131.29,132.22,89.79,0.18,100
5093,19,143.50,131.29,133.03,99.66,0.18,100
5099,19,143.50,131.29,123.90,98.90,0.18,100
5106,19,143.50,131.29,117.09,95.25,0.18,100
5114,19,143.50,131.29,124.87,99.05,0.18,100
5121,19,143.50,131.29,120.53,94.58,0.18,100
5128,19,143.50,131.29,116.94,87.28,0.18,100
5135,19,143.50,131.29,129.59,101.19,0.17,100
5142,19,143.50,131.29,127.95,92.45,0.17,100
5149,19,143.50,131.29,121.42,98.00,0.17,100
5156,19,143.50,131.29,124.45,95.83,0.17,100
5163,19,143.50,131.29,122.63,99.71,0.17,100
5169,19,143.50,131.29,128.03,101.29,0.17,100
5176,19,143.50,131.29,125.74,95.27,0.17,100
5183,19,143.50,131.29,120.84,102.01,0.17,100
5190,19,143.50,131.29,120.41,95.98,0.17,100
5198,19,143.50,131.29,120.83,96.31,0.17,100
5206,19,143.50,131.29,132.50,81.64,0.17,100
5213,19,143.50,131.29,124.60,102.41,0.17,100
5219,19,143.50,131.29,130.22,99.41,0.17,100
5225,19,143.50,131.29,128.10,102.42,0.17,100
5232,19,143.50,131.29,121.78,103.87,0.17,100
5239,19,143.50,131.29,128.90,94.68,0.17,100
5246,19,143.50,131.29,125.79,100.60,0.17,100
5253,19,143.50,131.29,122.72,97.91,0.17,100
5260,19,143.50,131.29,126.61,90.71,0.17,100
5267,19,143.50,131.29,131.09,92.74,0.17,100
5274,19,143.50,131.29,114.99,82.43,0.17,100
5281,19,143.50,131.29,123.19,75.46,0.17,100
5290,19,143.50,131.29,120.59,79.45,0.17,100
5297,20,143.50,131.29,122.53,84.06,0.17,100
5304,20,143.50,131.29,118.09,94.24,0.17,100
5311,20,143.50,131.29,118.23,88.39,0.17,100
5318,20,143.50,131.29,125.69,94.24,0.17,100
5325,20,143.50,131.29,120.93,94.01,0.18,100
5332,20,143.50,131.29,121.76,80.72,0.17,100
5338,20,143.50,131.29,116.55,85.80,0.18,100
5345,20,143.50,131.29,124.28,80.20,0.18,100
5352,20,143.50,131.29,127.02,90.70,0.18,100
5358,20,143.50,131.29,124.44,94.57,0.17,100
5365,20,143.50,131.29,113.88,92.57,0.17,100
5372,20,143.50,131.29,114.73,99.71,0.17,100
5380,20,143.50,131.29,130.02,89.74,0.17,100
5387,20,143.50,131.29,119.81,96.97,0.17,100
5394,20,143.50,131.29,121.20,91.89,0.17,100
5401,20,143.50,131.29,126.55,88.99,0.17,100
5408,20,143.50,131.29,124.02,92.62,0.17,100
5415,20,143.50,131.29,125.99,94.45,0.17,100
5422,20,143.50,131.29,115.27,93.70,0.17,100
5429,20,143.50,131.29,120.87,95.09,0.17,100
5436,20,143.50,131.29,118.59,91.21,0.17,100
5443,20,143.50,131.29,127.92,97.63,0.17,100
5450,20,143.50,131.29,120.71,96.31,0.17,100
5457,20,143.50,131.29,125.10,96.31,0.17,100
5466,20,143.50,131.29,127.71,92.40,0.18,100
5473,20,143.50,131.29,122.77,96.65,0.18,100
5480,20,143.50,131.29,129.87,92.37,0.18,100
5486,20,143.50,131.29,124.91,86.15,0.18,100
5493,20,143.50,131.29,124.68,85.03,0.18,100
5500,20,143.50,131.29,140.45,83.26,0.18,100
5506,20,143.50,131.29,121.94,93.86,0.18,100
5513,20,143.50,131.29,118.97,87.90,0.18,100
5519,20,143.50,131.29,127.72,96.62,0.18,100
5526,20,143.50,131.29,124.96,84.51,0.18,100
5533,21,143.50,131.29,122.31,93.73,0.18,100
5540,21,143.50,131.29,125.85,101.26,0.18,100
5549,21,143.50,131.29,118.96,78.81,0.18,100
5556,21,143.50,131.29,119.26,69.27,0.18,100
5563,21,143.50,131.29,121.49,97.23,0.18,100
5570,21,143.50,131.29,123.80,95.25,0.18,100
5577,21,143.50,131.29,116.55,93.17,0.18,100
5584,21,143.50,131.29,122.75,92.30,0.18,100
5591,21,143.50,131.29,120.06,91.71,0.18,100
5598,21,143.50,131.29,118.89,87.73,0.18,100
5605,21,143.50,131.29,119.75,89.94,0.18,100
5612,21,143.50,131.29,124.69,92.63,0.18,100
5619,21,143.50,131.29,127.24,89.93,0.18,100
5626,21,143.50,131.29,131.94,91.76,0.18,100
5633,21,143.50,131.29,129.97,97.39,0.18,100
5641,21,143.50,131.29,128.49,90.02,0.18,100
5648,21,143.50,131.29,127.98,91.54,0.18,100
5655,21,143.50,131.29,135.31,95.50,0.18,100
5662,21,143.50,131.29,120.18,95.06,0.18,100
5669,21,143.50,131.29,118.64,86.09,0.18,100
5676,21,143.50,131.29,122.93,95.26,0.18,100
5683,21,143.50,131.29,116.66,86.91,0.18,100
5690,21,143.50,131.29,118.03,86.09,0.18,100
5697,21,143.50,131.29,130.35,87.93,0.18,100
5704,21,143.50,131.29,125.86,90.54,0.18,100
5711,21,143.50,131.29,130.17,87.82,0.18,100
5718,21,143.50,131.29,120.56,92.95,0.18,100
5726,21,143.50,131.29,123.82,85.18,0.18,100
5733,21,143.50,131.29,125.03,88.92,0.18,100
5740,21,143.50,131.29,132.00,90.21,0.18,100
5746,21,143.50,131.29,138.61,92.20,0.18,100
5753,21,145.52,131.29,126.26,92.96,0.18,100
5760,21,145.52,131.29,139.42,96.69,0.18,100
5767,22,146.54,131.29,129.37,100.07,0.18,100
5773,22,146.54,131.29,125.34,76.49,0.18,100
5780,22,146.54,131.29,118.01,82.59,0.18,100
5786,22,146.54,131.29,127.06,90.50,0.18,100
5793,22,146.54,131.29,128.23,90.63,0.18,100
5800,22,146.54,131.29,128.26,92.63,0.18,100
5808,22,146.54,131.29,138.07,87.19,0.18,100
5816,22,146.54,131.29,127.45,97.61,0.18,100
5823,22,146.54,131.29,119.87,89.79,0.18,100
5830,22,146.54,131.29,130.06,91.16,0.18,100
5837,22,146.54,131.29,139.30,85.72,0.18,100
5844,22,146.54,131.29,131.42,100.52,0.18,100
5851,22,146.54,131.29,133.03,99.74,0.18,100
5858,22,146.54,131.29,121.15,98.28,0.18,100
5865,22,146.54,131.29,130.77,90.81,0.18,100
5872,22,146.54,131.29,127.87,94.67,0.18,100
5879,22,146.54,131.29,114.43,92.88,0.18,100
5886,22,146.54,131.29,129.60,86.28,0.18,100
5893,22,146.54,131.29,115.23,89.36,0.18,100
5902,22,146.54,131.29,111.81,81.44,0.18,100
5909,22,146.54,131.29,122.68,86.18,0.18,100
5916,22,146.54,131.29,116.52,87.17,0.18,100
5923,22,146.54,131.29,116.77,82.55,0.18,100
5930,22,146.54,131.29,110.22,78.46,0.18,100
5938,22,146.54,131.29,120.15,91.66,0.18,100
5945,22,146.54,131.29,130.54,95.61,0.18,100
5952,22,146.54,131.29,119.10,91.01,0.18,100
5959,22,146.54,131.29,126.28,96.68,0.18,100
5966,22,146.54,131.29,120.67,91.30,0.18,100
5973,22,146.54,131.29,125.63,85.48,0.18,100
5980,22,146.54,131.29,123.24,91.28,0.18,100
5989,22,146.54,131.29,121.08,84.93,0.18,100
5995,23,146.54,131.29,111.79,87.17,0.18,100
6002,23,146.54,131.29,122.74,87.67,0.18,100
6009,23,146.54,131.29,127.78,87.11,0.18,100
6016,23,146.54,131.29,131.05,92.31,0.18,100
6023,23,146.54,131.29,131.76,91.58,0.18,100
6030,23,146.54,131.29,120.87,88.73,0.18,100
6037,23,146.54,131.29,119.25,88.94,0.18,100
6044,23,146.54,131.29,118.52,88.83,0.18,100
6051,23,146.54,131.29,123.86,85.68,0.18,100
6057,23,146.54,131.29,120.40,93.23,0.18,100
6064,23,146.54,131.29,121.98,87.47,0.18,100
6071,23,146.54,131.29,128.98,89.75,0.18,100
6080,23,146.54,131.29,131.17,85.98,0.18,100
6087,23,146.54,131.29,104.78,61.71,0.18,100
6094,23,146.54,131.29,120.12,79.18,0.18,100
6101,23,146.54,131.29,109.85,71.65,0.18,100
6108,23,146.54,131.29,112.44,80.93,0.18,100
6115,23,146.54,131.29,124.79,89.07,0.18,100
6122,23,146.54,131.29,138.22,98.30,0.18,100
6129,23,146.54,131.29,127.50,87.76,0.18,100
6136,23,146.54,131.29,123.40,93.62,0.18,100
6143,23,146.54,131.29,122.64,85.08,0.17,100
6150,23,146.54,131.29,117.76,93.61,0.17,100
6157,23,146.54,131.29,122.74,97.42,0.17,100
6166,23,146.54,131.29,123.91,87.74,0.17,100
6173,23,146.54,131.29,119.61,90.45,0.18,100
6180,23,146.54,131.29,130.48,96.57,0.18,100
6187,23,146.54,131.29,123.61,89.30,0.17,100
6194,23,146.54,131.29,137.50,101.52,0.17,100
6201,23,146.54,131.29,131.03,104.84,0.17,100
6208,23,146.54,131.29,130.00,102.16,0.17,100
6215,23,146.54,131.29,134.30,82.60,0.17,100
6221,23,146.54,131.29,131.72,106.59,0.17,100
6228,24,146.54,131.29,128.47,98.12,0.17,100
6235,24,146.54,131.29,133.85,97.70,0.17,100
6242,24,146.54,131.29,133.04,91.99,0.17,100
6251,24,146.54,131.29,133.55,97.16,0.17,100
6258,24,146.54,131.29,128.53,82.79,0.17,100
6264,24,146.54,131.29,120.56,90.29,0.17,100
6271,24,146.54,131.29,118.08,86.69,0.17,100
6278,24,146.54,131.29,123.43,89.06,0.17,100
6285,24,146.54,131.29,145.92,101.78,0.17,100
6292,24,146.54,131.29,123.58,86.56,0.17,100
6299,24,146.54,131.29,128.86,97.38,0.17,100
6306,24,146.54,131.29,128.47,83.72,0.17,100
6313,24,146.54,131.29,135.56,93.70,0.17,100
6320,24,146.54,131.29,133.54,81.38,0.17,100
6327,24,146.54,131.29,127.45,93.04,0.17,100
6334,24,146.54,131.29,124.41,73.28,0.17,100
6342,24,146.54,131.29,122.38,86.44,0.17,100
6349,24,146.54,131.29,126.96,84.47,0.17,100
6355,24,146.54,131.29,114.97,85.61,0.17,100
6362,24,146.54,131.29,127.84,93.63,0.17,100
6368,24,146.54,131.29,127.12,86.98,0.17,100
6375,24,146.54,131.29,121.52,93.71,0.17,100
6382,24,146.54,131.29,124.93,87.35,0.17,100
6389,24,146.54,131.29,127.96,92.05,0.17,100
6396,24,146.54,131.29,133.46,93.12,0.17,100
6402,24,146.54,131.29,134.19,76.77,0.17,100
6409,24,146.54,131.29,135.58,90.33,0.17,100
6416,24,146.54,131.29,134.38,83.42,0.17,100
6424,24,146.54,131.29,121.11,83.39,0.17,100
6431,24,146.54,131.29,123.77,91.80,0.17,100
6439,24,146.54,131.29,127.53,76.09,0.17,100
6446,24,146.54,131.29,119.30,83.04,0.17,100
6453,24,146.54,131.29,125.40,82.93,0.17,100
6460,25,146.54,131.29,125.12,86.62,0.17,100
6461,25,967.37,131.29,967.37,-150.04,0.17,1000
6462,25,967.37,131.29,441.02,-137.60,0.17,1000
6463,25,967.37,131.29,403.81,-190.64,0.17,1000
6464,25,967.37,131.29,676.85,-131.00,0.17,1000
6465,25,967.37,131.29,616.66,-30.83,0.17,1000
6466,25,997.59,170.17,997.59,17.88,0.17,1000
6467,25,1075.53,170.17,1075.53,-15.01,0.17,1000
6468,25,1075.53,170.17,838.70,-48.21,0.17,1000
6469,25,1075.53,170.17,828.06,-21.55,0.17,1000
6470,25,1075.53,170.17,979.02,51.82,0.17,1000
6471,25,1075.53,170.17,1049.19,66.70,0.17,1000
6472,25,1075.53,170.17,836.14,65.84,0.17,1000
6473,25,1075.53,344.52,839.22,230.92,0.17,1000
6474,25,1075.53,344.52,965.34,156.15,0.17,1000
6475,25,1075.53,507.90,780.24,170.90,0.17,1000
6476,25,1075.53,671.08,844.89,78.55,0.17,1000
6477,25,1075.53,671.08,576.85,61.74,0.17,1000
6478,25,1075.53,671.08,824.73,175.37,0.17,1000
6479,25,1075.53,671.08,826.49,186.54,0.17,1000
6480,25,1075.53,671.08,816.84,170.29,0.17,1000
6481,25,1075.53,671.08,691.96,97.93,0.17,1000
6482,25,1075.53,671.08,744.54,245.77,0.17,1000
6483,25,1075.53,671.08,798.84,288.30,0.17,1000
6484,26,1075.53,671.08,697.22,266.18,0.17,1000
6485,26,1075.53,671.08,890.92,178.09,0.17,1000
6486,26,1075.53,671.08,714.10,215.68,0.17,1000
6487,26,1075.53,671.08,965.52,277.76,0.17,1000
6488,26,1075.53,671.08,814.86,186.43,0.17,1000
6489,26,1075.53,671.08,979.17,261.98,0.17,1000
6490,26,1075.53,671.08,868.75,350.38,0.17,1000
6491,26,1075.53,671.08,869.28,346.92,0.17,1000
6492,26,1075.53,728.32,987.82,297.88,0.17,1000
6493,26,1075.53,728.32,820.93,231.42,0.17,1000
6494,26,1075.53,728.32,836.54,394.65,0.17,1000
6495,26,1075.53,728.32,862.27,429.22,0.17,1000
6496,26,1075.53,728.32,833.90,363.43,0.17,1000
6497,26,1075.53,728.32,982.93,375.61,0.17,1000
6498,26,1075.53,785.35,920.42,418.65,0.17,1000
6499,26,1075.53,875.78,963.56,432.01,0.17,1000
6500,26,1075.53,875.78,1059.30,506.67,0.17,1000
6501,26,1075.53,875.78,931.35,550.35,0.17,1000
6502,26,1075.53,875.78,944.54,479.48,0.17,1000
6503,26,1075.53,875.78,1043.87,517.15,0.17,1000
6504,26,1075.53,875.78,963.27,514.70,0.17,1000
6505,26,1075.53,875.78,1023.57,434.01,0.17,1000
6506,26,1075.53,875.78,943.04,453.03,0.17,1000
6507,26,1075.53,875.78,942.32,550.79,0.17,1000
6508,27,1075.53,875.78,954.69,496.73,0.17,1000
6509,27,1075.53,875.78,884.09,415.92,0.17,1000
6510,27,1075.53,875.78,1033.19,569.20,0.17,1000
6511,27,1075.53,875.78,1007.56,427.00,0.17,1000
6512,27,1075.53,875.78,936.19,426.27,0.17,1000
6513,27,1075.53,875.78,945.98,454.51,0.17,1000
6514,27,1075.53,875.78,1016.12,510.19,0.17,1000
6515,27,1075.53,911.00,936.06,454.05,0.17,1000
6516,27,1075.53,911.00,1018.98,571.41,0.17,1000
6517,27,1075.53,911.00,1047.34,598.84,0.17,1000
6518,27,1075.53,938.84,1009.01,550.43,0.17,1000
6519,27,1075.53,938.84,987.93,636.44,0.17,1000
6520,27,1100.09,938.84,1100.09,720.35,0.17,1000
6521,27,1100.09,938.84,984.93,694.22,0.17,1000
6522,27,1100.09,938.84,1082.28,666.56,0.17,1000
6523,27,1100.09,1014.28,1020.11,661.71,0.17,1000
6524,27,1173.28,1014.28,1173.28,693.61,0.17,1000
6525,27,1173.28,1014.28,1027.10,716.06,0.17,1000
6526,27,1173.28,1014.28,1062.96,763.72,0.17,1000
6527,27,1173.28,1014.28,1001.57,711.74,0.17,1000
6528,27,1173.28,1014.28,1101.50,676.26,0.17,1000
6529,27,1173.28,1014.28,1109.68,730.92,0.17,1000
6530,27,1173.28,1014.28,1095.48,762.83,0.17,1000
6531,27,1205.42,1014.28,1205.42,852.80,0.17,1000
6532,28,1205.42,1014.28,1063.58,793.06,0.17,1000
6533,28,1205.42,1014.28,1151.19,822.11,0.17,1000
6534,28,1205.42,1083.28,1142.06,783.64,0.17,1000
6535,28,1205.42,1083.28,1057.46,808.92,0.17,1000
6536,28,1205.42,1083.28,1110.95,686.16,0.17,1000
6537,28,1205.42,1083.28,1080.82,700.59,0.17,1000
6538,28,1205.42,1083.28,1055.50,777.21,0.17,1000
6539,28,1205.42,1083.28,1173.79,712.01,0.17,1000
6540,28,1205.42,1083.28,1168.59,735.87,0.17,1000
6541,28,1205.42,1083.28,1099.71,647.35,0.17,1000
6542,28,1205.42,1083.28,1087.26,703.71,0.17,1000
6543,28,1205.42,1083.28,1136.73,579.41,0.17,1000
6544,28,1205.42,1083.28,1125.93,822.53,0.17,1000
6545,28,1205.42,1083.28,1144.48,728.37,0.17,1000
6546,28,1205.42,1083.28,1203.30,699.18,0.17,1000
6547,28,1205.42,1083.28,1127.21,828.18,0.17,1000
6548,28,1205.42,1083.28,1122.87,753.86,0.17,1000
6549,28,1205.42,1083.28,1153.46,867.01,0.17,1000
6550,28,1205.42,1083.28,1081.88,839.15,0.17,1000
6551,28,1205.42,1083.28,1179.11,822.58,0.17,1000
6552,28,1205.42,1083.28,1143.90,893.92,0.17,1000
6553,28,1205.42,1083.28,1158.58,738.31,0.17,1000
6554,28,1205.42,1083.28,1146.67,873.27,0.17,1000
6555,29,1283.50,1083.28,1283.50,909.20,0.17,1000
6556,29,1283.50,1145.31,1211.75,911.55,0.17,1000
6557,29,1283.50,1162.03,1219.90,887.17,0.17,1000
6558,29,1283.50,1162.03,1235.93,899.92,0.17,1000
6559,29,1283.50,1162.03,1247.85,926.17,0.17,1000
6560,29,1313.92,1162.03,1313.92,920.75,0.17,1000
6561,29,1313.92,1221.48,1293.54,1035.48,0.17,1000
6562,29,1313.92,1354.98,1297.14,925.02,0.17,1000
6563,29,1344.60,1354.98,1344.60,1005.17,0.17,1000
6564,29,1344.60,1354.98,1338.56,1003.15,0.17,1000
6565,29,1344.60,1354.98,1332.53,1066.28,0.17,1000
6566,29,1374.92,1354.98,1374.92,885.04,0.17,1000
6567,29,1398.23,1354.98,1398.23,917.80,0.17,1000
6568,29,1405.82,1354.98,1405.82,1010.15,0.17,1000
6569,29,1405.82,1354.98,1343.71,921.09,0.17,1000
6570,29,1405.82,1354.98,1314.16,886.91,0.17,1000
6571,29,1405.82,1354.98,1319.60,1014.37,0.17,1000
6572,29,1405.82,1354.98,1354.68,1104.40,0.17,1000
6573,29,1417.11,1354.98,1417.11,1044.91,0.17,1000
6574,29,1417.11,1354.98,1413.19,947.03,0.17,1000
6575,29,1417.11,1354.98,1303.87,1069.53,0.17,1000
6576,29,1417.11,1354.98,1372.29,1073.97,0.17,1000
6577,29,1417.11,1354.98,1335.92,1014.45,0.17,1000
6578,29,1417.11,1354.98,1319.67,1091.64,0.17,1000
6579,30,1417.11,1354.98,1334.19,1002.59,0.17,1000
6580,30,1417.11,1354.98,1342.71,1061.71,0.17,1000
6581,30,1417.11,1354.98,1355.71,996.40,0.17,1000
6582,30,1417.11,1354.98,1322.47,1065.14,0.17,1000
6583,30,1417.11,1354.98,1340.44,1000.16,0.17,1000
6584,30,1417.11,1354.98,1373.54,1083.19,0.17,1000
6585,30,1417.11,1354.98,1340.43,1016.57,0.17,1000
6586,30,1417.11,1354.98,1321.92,1086.83,0.17,1000
6587,30,1417.11,1354.98,1368.68,1037.24,0.17,1000
6588,30,1417.11,1354.98,1370.09,1126.01,0.17,1000
6589,30,1417.11,1354.98,1366.00,1086.11,0.17,1000
6590,30,1417.11,1354.98,1404.99,961.79,0.17,1000
6591,30,1417.11,1354.98,1395.61,1108.40,0.17,1000
6592,30,1417.11,1354.98,1385.99,1162.45,0.17,1000
6593,30,1426.43,1354.98,1426.43,997.05,0.17,1000
6594,30,1426.43,1354.98,1384.74,1088.33,0.17,1000
6595,30,1426.43,1354.98,1370.21,851.12,0.17,1000
6596,30,1426.43,1354.98,1389.61,1008.73,0.17,1000
6597,30,1426.43,1354.98,1419.96,1058.37,0.17,1000
6598,30,1426.43,1354.98,1409.60,1029.27,0.17,1000
6599,30,1441.96,1354.98,1441.96,1041.81,0.17,1000
6600,30,1448.14,1354.98,1448.14,1030.80,0.17,1000
6601,30,1477.79,1392.06,1477.79,1163.35,0.17,1000
6602,31,1477.79,1392.06,1472.22,1214.86,0.17,1000
6603,31,1477.79,1392.06,1469.81,1143.26,0.17,1000
6604,31,1503.82,1392.06,1503.82,1179.37,0.17,1000
6605,31,1503.82,1392.06,1409.24,1240.77,0.17,1000
6606,31,1503.82,1410.21,1470.11,1115.40,0.18,1000
6607,31,1503.82,1410.21,1499.47,1140.89,0.18,1000
6608,31,1503.82,1455.91,1448.24,1055.87,0.18,1000
6609,31,1503.82,1455.91,1485.54,1139.33,0.18,1000
6610,31,1503.82,1455.91,1499.39,1030.34,0.18,1000
6611,31,1503.82,1455.91,1501.05,1092.52,0.18,1000
6612,31,1503.82,1455.91,1490.39,1242.92,0.18,1000
6613,31,1503.82,1455.91,1470.47,1092.46,0.18,1000
6614,31,1503.82,1455.91,1417.35,1008.09,0.18,1000
6615,31,1503.82,1455.91,1439.44,1116.25,0.18,1000
6616,31,1503.82,1455.91,1472.36,1210.65,0.18,1000
6617,31,1503.82,1455.91,1454.48,1042.34,0.18,1000
6618,31,1503.82,1455.91,1421.01,1156.47,0.18,1000
6619,31,1503.82,1455.91,1473.51,1164.21,0.18,1000
6620,31,1547.33,1455.91,1547.33,1268.71,0.18,1000
6621,31,1547.33,1455.91,1431.76,1179.22,0.18,1000
6622,31,1547.33,1455.91,1480.25,1119.67,0.18,1000
6623,31,1554.91,1455.91,1554.91,1151.88,0.18,1000
6624,31,1554.91,1455.91,1457.83,1095.87,0.18,1000
6625,32,1554.91,1455.91,1454.98,1159.94,0.18,1000
6626,32,1554.91,1455.91,1539.15,1075.99,0.18,1000
6627,32,1554.91,1455.91,1468.33,1012.81,0.18,1000
6628,32,1554.91,1455.91,1519.73,1113.30,0.18,1000
6629,32,1579.82,1455.91,1579.82,1119.26,0.18,1000
6630,32,1579.82,1459.88,1500.74,1012.92,0.18,1000
6631,32,1641.98,1459.88,1641.98,1161.41,0.18,1000
6632,32,1641.98,1459.88,1468.06,1054.33,0.18,1000
6633,32,1641.98,1459.88,1551.97,1088.24,0.18,1000
6634,32,1641.98,1459.88,1485.71,1130.25,0.18,1000
6635,32,1641.98,1459.88,1566.39,1082.36,0.18,1000
6636,32,1641.98,1459.88,1470.82,1068.05,0.18,1000
6637,32,1641.98,1459.88,1558.51,1061.67,0.18,1000
6638,32,1641.98,1459.88,1498.87,1237.31,0.18,1000
6639,32,1641.98,1554.85,1526.56,1094.54,0.18,1000
6640,32,1641.98,1554.85,1507.69,1133.78,0.18,1000
6641,32,1641.98,1554.85,1532.49,1064.19,0.18,1000
6642,32,1641.98,1554.85,1582.37,1008.26,0.18,1000
6643,32,1641.98,1554.85,1484.68,1055.44,0.18,1000
6644,32,1641.98,1554.85,1523.63,1126.05,0.18,1000
6645,32,1641.98,1554.85,1434.77,984.32,0.18,1000
6646,32,1641.98,1554.85,1421.94,1067.36,0.18,1000
6647,32,1641.98,1554.85,1426.09,962.80,0.18,1000
6648,32,1641.98,1554.85,1462.57,1023.53,0.18,1000
6649,33,1641.98,1554.85,1522.67,1067.30,0.18,1000
6650,33,1641.98,1554.85,1464.13,1090.29,0.18,1000
6651,33,1641.98,1554.85,1498.81,1036.32,0.18,1000
6652,33,1641.98,1554.85,1520.46,1112.32,0.18,1000
6653,33,1641.98,1554.85,1424.87,1116.92,0.18,1000
6654,33,1641.98,1554.85,1425.18,1073.48,0.18,1000
6655,33,1641.98,1554.85,1564.17,996.79,0.18,1000
6656,33,1641.98,1554.85,1500.97,1081.50,0.18,1000
6657,33,1641.98,1554.85,1500.16,1135.51,0.18,1000
6658,33,1641.98,1554.85,1550.15,1032.81,0.18,1000
6659,33,1641.98,1554.85,1496.41,1084.80,0.18,1000
6660,33,1641.98,1554.85,1526.44,1177.82,0.17,1000
6661,33,1641.98,1554.85,1507.18,954.90,0.17,1000
6662,33,1641.98,1554.85,1601.10,1107.58,0.17,1000
6663,33,1641.98,1554.85,1473.24,1130.60,0.17,1000
6664,33,1641.98,1554.85,1364.03,1038.06,0.17,1000
6665,33,1641.98,1554.85,1489.54,1063.15,0.17,1000
6666,33,1641.98,1554.85,1488.85,1053.67,0.17,1000
6667,33,1641.98,1554.85,1576.35,1116.09,0.17,1000
6668,33,1641.98,1554.85,1434.06,1112.67,0.17,1000
6669,33,1641.98,1554.85,1458.07,951.94,0.17,1000
6670,33,1641.98,1554.85,1492.71,1164.87,0.17,1000
6671,33,1641.98,1554.85,1593.11,1219.45,0.17,1000
6672,34,1641.98,1554.85,1481.72,1073.79,0.17,1000
6673,34,1641.98,1554.85,1428.78,962.59,0.17,1000
6674,34,1641.98,1554.85,1613.03,912.45,0.17,1000
6675,34,1641.98,1554.85,1521.30,999.88,0.17,1000
6676,34,1641.98,1554.85,1482.16,914.58,0.17,1000
6677,34,1641.98,1554.85,1577.28,921.68,0.17,1000
6678,34,1641.98,1554.85,1494.90,962.35,0.17,1000
6679,34,1641.98,1554.85,1507.59,1004.76,0.17,1000
6680,34,1641.98,1554.85,1584.31,1106.20,0.17,1000
6681,34,1641.98,1554.85,1503.48,1244.03,0.17,1000
6682,34,1641.98,1554.85,1494.39,1178.41,0.17,1000
6683,34,1641.98,1554.85,1515.93,1239.32,0.17,1000
6684,34,1641.98,1554.85,1468.36,1231.76,0.17,1000
6685,34,1641.98,1554.85,1555.96,1092.70,0.17,1000
6686,34,1641.98,1554.85,1508.71,1211.60,0.17,1000
6687,34,1641.98,1554.85,1571.26,1219.07,0.17,1000
6688,34,1641.98,1554.85,1538.95,1110.84,0.17,1000
6689,34,1641.98,1554.85,1548.72,1284.93,0.17,1000
6690,34,1641.98,1554.85,1563.86,1123.83,0.17,1000
6691,34,1641.98,1554.85,1590.84,1227.19,0.17,1000
6692,34,1641.98,1554.85,1583.49,1164.46,0.17,1000
6693,34,1641.98,1554.85,1549.51,1214.89,0.17,1000
6694,34,1641.98,1554.85,1628.98,1285.49,0.17,1000
6695,34,1641.98,1554.85,1595.67,1245.57,0.17,1000
6696,35,1641.98,1554.85,1636.34,1223.34,0.17,1000
6697,35,1656.67,1554.85,1656.67,1176.15,0.17,1000
6698,35,1656.67,1554.85,1644.14,1281.73,0.17,1000
6699,35,1656.67,1554.85,1638.66,1212.84,0.17,1000
6700,35,1657.76,1554.85,1657.76,1162.64,0.17,1000
6701,35,1657.76,1554.85,1643.28,1290.55,0.17,1000
6702,35,1668.52,1554.85,1668.52,1146.85,0.17,1000
6703,35,1668.52,1554.85,1653.85,1179.61,0.17,1000
6704,35,1668.52,1554.85,1605.05,1322.93,0.17,1000
6705,35,1668.52,1554.85,1657.14,1243.94,0.17,1000
6706,35,1668.52,1554.85,1588.91,1261.93,0.17,1000
6707,35,1668.52,1554.85,1619.30,1286.15,0.17,1000
6708,35,1742.38,1554.85,1742.38,1292.00,0.17,1000
6709,35,1742.38,1554.85,1570.69,1273.79,0.17,1000
6710,35,1742.38,1554.85,1682.52,1258.01,0.17,1000
6711,35,1742.38,1554.85,1608.20,1247.51,0.17,1000
6712,35,1742.38,1554.85,1598.45,1291.18,0.17,1000
6713,35,1742.38,1623.64,1717.45,1233.84,0.17,1000
6714,35,1742.38,1623.64,1658.76,1351.64,0.17,1000
6715,35,1742.38,1623.64,1618.74,1383.73,0.17,1000
6716,35,1742.38,1623.64,1595.07,1196.40,0.17,1000
6717,35,1742.38,1623.64,1638.86,1343.43,0.17,1000
6718,35,1742.38,1623.64,1583.83,1308.55,0.17,1000
6719,36,1742.38,1623.64,1656.34,1391.73,0.17,1000
6720,36,1742.38,1623.64,1648.67,1302.77,0.17,1000
6721,36,1742.38,1623.64,1653.97,1351.22,0.17,1000
6722,36,1742.38,1623.64,1618.85,1369.79,0.17,1000
6723,36,1742.38,1623.64,1702.17,1422.39,0.17,1000
6724,36,1742.38,1623.64,1678.85,1394.78,0.17,1000
6725,36,1742.38,1623.64,1671.78,1427.20,0.17,1000
6726,36,1755.54,1623.64,1755.54,1349.59,0.17,1000
6727,36,1755.54,1623.64,1730.67,1405.04,0.17,1000
6728,36,1785.35,1623.64,1785.35,1500.41,0.17,1000
6729,36,1792.05,1623.64,1792.05,1336.08,0.17,1000
6730,36,1836.38,1679.87,1836.38,1440.79,0.17,1000
6731,36,1836.38,1679.87,1763.07,1389.42,0.17,1000
6732,36,1836.38,1679.87,1785.73,1408.28,0.17,1000
6733,36,1836.38,1721.64,1746.29,1397.54,0.17,1000
6734,36,1836.38,1721.64,1763.55,1377.63,0.17,1000
6735,36,1836.38,1721.64,1773.07,1281.76,0.17,1000
6736,36,1836.38,1721.64,1804.58,1384.14,0.17,1000
6737,36,1836.38,1721.64,1728.88,1446.52,0.17,1000
6738,36,1836.38,1721.64,1781.78,1260.43,0.17,1000
6739,36,1876.04,1721.64,1876.04,1482.25,0.17,1000
6740,36,1876.04,1721.64,1798.34,1468.15,0.17,1000
6741,36,1876.04,1721.64,1789.76,1450.63,0.17,1000
6742,37,1876.04,1721.64,1776.46,1468.38,0.17,1000
6743,37,1876.04,1735.14,1761.17,1439.08,0.17,1000
6744,37,1876.04,1735.14,1736.91,1469.95,0.17,1000
6745,37,1876.04,1735.14,1745.52,1458.71,0.17,1000
6746,37,1876.04,1735.14,1810.01,1407.75,0.17,1000
6747,37,1876.04,1735.14,1746.15,1395.89,0.17,1000
6748,37,1876.04,1762.77,1835.08,1415.76,0.17,1000
6749,37,1876.04,1762.77,1727.88,1409.35,0.17,1000
6750,37,1876.04,1762.77,1832.90,1505.51,0.17,1000
6751,37,1876.04,1762.77,1749.65,1302.50,0.17,1000
6752,37,1876.04,1762.77,1814.33,1437.50,0.17,1000
6753,37,1876.04,1762.77,1774.38,1398.99,0.17,1000
6754,37,1876.04,1762.77,1828.38,1426.46,0.17,1000
6755,37,1876.04,1762.77,1812.56,1532.08,0.17,1000
6756,37,1876.04,1762.77,1737.03,1483.08,0.17,1000
6757,37,1876.04,1762.77,1801.38,1263.52,0.17,1000
6758,37,1876.04,1762.77,1793.23,1447.56,0.17,1000
6759,37,1876.04,1762.77,1775.57,1238.30,0.17,1000
6760,37,1876.04,1762.77,1785.16,1368.50,0.17,1000
6761,37,1876.04,1762.77,1755.85,1295.05,0.17,1000
6762,37,1876.04,1762.77,1738.65,1340.70,0.17,1000
6763,37,1876.04,1762.77,1801.98,1438.15,0.17,1000
6764,37,1876.04,1762.77,1875.90,1429.78,0.17,1000
6765,38,1876.04,1762.77,1786.96,1441.71,0.17,1000
6766,38,1876.04,1762.77,1770.46,1507.69,0.17,1000
6767,38,1876.04,1762.77,1760.73,1415.96,0.17,1000
6768,38,1876.04,1762.77,1730.14,1499.56,0.17,1000
6769,38,1876.04,1762.77,1781.80,1442.58,0.17,1000
6770,38,1876.04,1783.26,1795.27,1480.30,0.17,1000
6771,38,1876.04,1783.26,1778.73,1369.61,0.17,1000
6772,38,1876.04,1783.26,1793.43,1449.86,0.17,1000
6773,38,1876.04,1783.26,1697.40,1425.07,0.17,1000
6774,38,1876.04,1783.26,1820.86,1458.08,0.17,1000
6775,38,1897.78,1783.26,1897.78,1548.00,0.17,1000
6776,38,1897.78,1783.26,1818.93,1505.54,0.17,1000
6777,38,1897.78,1783.26,1821.27,1428.97,0.17,1000
6778,38,1897.78,1783.26,1797.48,1466.73,0.17,1000
6779,38,1897.78,1783.26,1830.27,1617.84,0.17,1000
6780,38,1897.78,1800.80,1802.25,1492.86,0.17,1000
6781,38,1912.75,1800.80,1912.75,1492.37,0.17,1000
6782,38,1912.75,1800.80,1854.18,1555.15,0.17,1000
6783,38,1912.75,1800.80,1868.05,1598.61,0.17,1000
6784,38,1916.49,1800.80,1916.49,1506.20,0.17,1000
6785,38,1916.49,1800.80,1826.81,1429.41,0.17,1000
6786,38,1916.49,1800.80,1803.29,1463.44,0.17,1000
6787,38,1916.49,1800.80,1894.46,1600.47,0.17,1000
6788,38,1916.49,1800.80,1854.69,1528.24,0.17,1000
6789,39,1916.49,1800.80,1849.49,1572.58,0.17,1000
6790,39,1916.49,1800.80,1904.30,1564.44,0.17,1000
6791,39,1916.49,1824.02,1888.28,1632.28,0.17,1000
6792,39,1916.49,1824.02,1824.50,1594.41,0.17,1000
6793,39,1916.49,1824.02,1867.56,1563.65,0.17,1000
6794,39,1916.49,1824.02,1842.53,1544.18,0.17,1000
6795,39,1916.49,1824.02,1823.18,1595.54,0.17,1000
6796,39,1923.29,1824.02,1923.29,1525.81,0.17,1000
6797,39,1923.29,1824.02,1864.35,1582.80,0.17,1000
6798,39,1923.29,1824.02,1838.03,1533.87,0.17,1000
6799,39,1940.08,1824.02,1940.08,1620.42,0.17,1000
6800,39,1940.08,1824.02,1837.99,1616.07,0.17,1000
6801,39,1940.08,1824.02,1933.48,1655.70,0.17,1000
6802,39,1940.08,1824.02,1873.51,1503.67,0.17,1000
6803,39,1940.08,1824.02,1880.84,1583.41,0.17,1000
6804,39,1940.08,1824.02,1864.52,1526.85,0.17,1000
6805,39,1940.08,1824.02,1868.98,1617.80,0.17,1000
6806,39,1940.08,1824.02,1883.84,1661.35,0.17,1000
6807,39,1940.08,1824.02,1924.58,1605.89,0.17,1000
6808,39,1940.08,1879.07,1923.44,1572.49,0.17,1000
6809,39,1940.08,1879.07,1919.69,1640.68,0.17,1000
6810,39,1940.08,1879.07,1872.77,1612.13,0.17,1000
6811,39,1940.08,1879.07,1833.98,1610.86,0.17,1000
6812,40,1940.08,1879.07,1933.76,1598.60,0.17,1000
6813,40,1940.08,1920.67,1886.96,1660.77,0.17,1000
6814,40,1992.04,1920.67,1992.04,1696.50,0.17,1000
6815,40,1992.04,1920.67,1936.71,1593.34,0.17,1000
6816,40,1992.04,1920.67,1949.88,1566.74,0.17,1000
6817,40,1992.04,1920.67,1963.27,1613.62,0.17,1000
6818,40,2022.91,1920.67,2022.91,1446.43,0.17,1000
6819,40,2022.91,1920.67,1949.53,1630.44,0.17,1000
6820,40,2022.91,1920.67,1870.63,1559.48,0.17,1000
6821,40,2022.91,1920.67,1922.35,1672.34,0.17,1000
6822,40,2022.91,1920.67,1934.52,1616.90,0.17,1000
6823,40,2022.91,1920.67,1940.34,1534.98,0.17,1000
6824,40,2022.91,1920.67,1939.83,1545.78,0.17,1000
6825,40,2022.91,1920.67,1969.77,1611.03,0.17,1000
6826,40,2022.91,1920.67,1977.80,1646.69,0.17,1000
6827,40,2022.91,1920.67,1963.97,1631.17,0.17,1000
6828,40,2022.91,1920.67,1958.76,1540.47,0.17,1000
6829,40,2022.91,1920.67,1890.62,1522.88,0.17,1000
6830,40,2022.91,1920.67,1895.86,1518.05,0.17,1000
6831,40,2022.91,1920.67,1897.36,1586.89,0.17,1000
6832,40,2022.91,1920.67,1941.43,1468.54,0.17,1000
6833,40,2022.91,1920.67,1892.64,1530.74,0.17,1000
6834,40,2022.91,1920.67,1917.47,1673.42,0.17,1000
6835,41,2022.91,1920.67,1964.02,1637.51,0.17,1000
6836,41,2022.91,1920.67,1943.55,1560.77,0.17,1000
6837,41,2022.91,1920.67,1932.99,1626.19,0.17,1000
6838,41,2022.91,1920.67,1943.69,1605.90,0.17,1000
6839,41,2022.91,1920.67,1948.37,1588.94,0.17,1000
6840,41,2022.91,1920.67,1950.14,1570.41,0.17,1000
6841,41,2022.91,1920.67,1948.34,1637.02,0.17,1000
6842,41,2022.91,1920.67,1918.63,1611.84,0.17,1000
6843,41,2022.91,1920.67,1928.56,1667.18,0.17,1000
6844,41,2022.91,1920.67,1969.10,1643.40,0.17,1000
6845,41,2022.91,1920.67,1963.63,1639.15,0.17,1000
6846,41,2022.91,1920.67,1979.24,1707.68,0.17,1000
6847,41,2022.91,1920.67,1971.54,1670.82,0.17,1000
6848,41,2022.91,1920.67,2002.76,1677.16,0.17,1000
6849,41,2022.91,1920.67,1959.44,1687.90,0.17,1000
6850,41,2022.91,1920.67,1989.65,1686.41,0.17,1000
6851,41,2022.91,1920.67,1946.28,1535.96,0.17,1000
6852,41,2022.91,1920.67,1987.15,1655.65,0.17,1000
6853,41,2022.91,1920.67,1958.14,1644.85,0.17,1000
6854,41,2022.91,1920.67,1935.44,1586.71,0.17,1000
6855,41,2022.91,1920.67,1858.28,1403.90,0.17,1000
6856,41,2022.91,1920.67,1983.96,1710.98,0.17,1000
6857,41,2022.91,1920.67,1871.51,1626.75,0.18,1000
6858,41,2022.91,1920.67,1929.28,1590.24,0.17,1000
6859,42,2022.91,1920.67,1954.51,1571.29,0.17,1000
6860,42,2022.91,1920.67,1914.43,1619.20,0.17,1000
6861,42,2022.91,1920.67,1923.12,1530.31,0.17,1000
6862,42,2022.91,1920.67,1898.35,1623.58,0.17,1000
6863,42,2022.91,1920.67,1896.47,1639.49,0.17,1000
6864,42,2022.91,1920.67,1948.45,1533.04,0.17,1000
6865,42,2022.91,1920.67,1955.84,1494.31,0.17,1000
6866,42,2022.91,1920.67,1951.26,1530.07,0.17,1000
6867,42,2022.91,1920.67,1933.82,1597.84,0.17,1000
6868,42,2022.91,1920.67,1880.21,1592.81,0.17,1000
6869,42,2022.91,1920.67,1883.21,1586.59,0.17,1000
6870,42,2022.91,1920.67,1978.57,1596.62,0.17,1000
6871,42,2022.91,1920.67,1908.73,1609.11,0.17,1000
6872,42,2022.91,1920.67,1877.86,1692.80,0.17,1000
6873,42,2022.91,1920.67,1957.81,1656.61,0.17,1000
6874,42,2022.91,1920.67,1987.95,1552.88,0.17,1000
6875,42,2022.91,1920.67,1861.31,1618.34,0.17,1000
6876,42,2022.91,1920.67,1923.70,1520.55,0.17,1000
6877,42,2022.91,1920.67,1889.66,1634.32,0.17,1000
6878,42,2022.91,1920.67,1935.11,1634.62,0.17,1000
6879,42,2022.91,1920.67,1937.55,1582.42,0.17,1000
6880,42,2022.91,1920.67,1959.26,1724.50,0.17,1000
6881,42,2022.91,1920.67,2000.74,1588.20,0.17,1000
6882,43,2022.91,1942.03,1976.90,1709.75,0.17,1000
6883,43,2022.91,1942.03,1925.95,1638.30,0.17,1000
6884,43,2022.91,1942.03,1935.08,1742.52,0.17,1000
6885,43,2022.91,1946.37,1954.18,1678.26,0.17,1000
6886,43,2022.91,1946.37,1992.86,1760.95,0.17,1000
6887,43,2033.48,1946.37,2033.48,1787.52,0.17,1000
6888,43,2033.48,1946.37,2019.20,1775.03,0.17,1000
6889,43,2033.48,1946.37,2024.05,1772.14,0.17,1000
6890,43,2033.48,1946.37,2000.83,1739.50,0.17,1000
6891,43,2084.19,1946.37,2084.19,1793.39,0.17,1000
6892,43,2084.19,1946.37,1974.34,1746.81,0.18,1000
6893,43,2084.19,1996.79,1984.05,1715.14,0.18,1000
6894,43,2084.19,1996.79,2026.72,1723.66,0.18,1000
6895,43,2084.19,1996.79,2032.87,1815.91,0.18,1000
6896,43,2084.19,1996.79,2009.84,1717.22,0.18,1000
6897,43,2084.19,1996.79,2032.17,1808.30,0.18,1000
6898,43,2084.19,1996.79,2051.79,1813.17,0.18,1000
6899,43,2084.19,1996.79,2015.60,1815.51,0.18,1000
6900,43,2084.19,1996.79,2073.95,1828.77,0.18,1000
6901,43,2084.19,1996.79,2045.74,1746.90,0.18,1000
6902,43,2085.57,1996.79,2085.57,1820.55,0.18,1000
6903,43,2087.68,1996.79,2087.68,1805.87,0.18,1000
6904,43,2087.68,1996.79,2069.70,1861.53,0.18,1000
6905,44,2087.68,1996.79,2061.15,1748.81,0.18,1000
6906,44,2111.05,1996.79,2111.05,1692.56,0.18,1000
6907,44,2111.05,1996.79,2092.90,1703.02,0.18,1000
6908,44,2111.05,1996.79,2053.19,1719.47,0.18,1000
6909,44,2111.05,1996.79,2081.60,1759.91,0.18,1000
6910,44,2116.59,1996.79,2116.59,1763.07,0.18,1000
6911,44,2116.59,1996.79,2078.47,1750.75,0.18,1000
6912,44,2116.59,1996.79,2031.18,1721.85,0.18,1000
6913,44,2116.59,1996.79,2082.95,1662.54,0.18,1000
6914,44,2116.59,1996.79,2097.14,1711.50,0.18,1000
6915,44,2116.59,1996.79,2075.96,1730.97,0.18,1000
6916,44,2116.59,1996.79,2062.34,1734.51,0.18,1000
6917,44,2116.59,1996.79,2076.30,1584.10,0.18,1000
6918,44,2116.59,1996.79,2070.48,1839.66,0.18,1000
6919,44,2130.66,1996.79,2130.66,1639.24,0.18,1000
6920,44,2130.66,1996.79,2047.71,1730.25,0.18,1000
6921,44,2130.66,1996.79,2108.93,1686.26,0.18,1000
6922,44,2130.66,1996.79,2112.57,1681.39,0.18,1000
6923,44,2130.66,1996.79,2070.56,1773.99,0.18,1000
6924,44,2130.66,1996.79,2054.30,1780.89,0.18,1000
6925,44,2130.66,1996.79,2028.46,1720.43,0.18,1000
6926,44,2130.66,1996.79,2098.37,1819.85,0.18,1000
6927,44,2130.66,1996.79,2081.99,1646.07,0.18,1000
6928,45,2130.66,1996.79,2092.70,1586.01,0.18,1000
6929,45,2130.66,1996.79,2091.68,1788.39,0.18,1000
6930,45,2130.66,1996.79,2084.01,1688.83,0.18,1000
6931,45,2130.66,1996.79,2110.32,1773.11,0.18,1000
6932,45,2130.66,1996.79,2063.31,1838.27,0.18,1000
6933,45,2157.23,2001.24,2157.23,1723.55,0.18,1000
6934,45,2157.23,2001.24,2119.67,1588.18,0.18,1000
6935,45,2157.23,2001.24,2068.22,1718.78,0.18,1000
6936,45,2157.23,2001.24,2049.09,1672.52,0.18,1000
6937,45,2157.23,2001.24,2064.69,1675.84,0.18,1000
6938,45,2157.23,2001.24,2093.71,1777.78,0.18,1000
6939,45,2157.23,2001.24,2040.96,1674.37,0.18,1000
6940,45,2157.23,2001.24,2020.89,1821.34,0.18,1000
6941,45,2157.23,2001.24,2076.54,1815.34,0.18,1000
6942,45,2157.23,2001.24,2102.99,1715.57,0.18,1000
6943,45,2157.23,2001.24,2115.04,1787.31,0.18,1000
6944,45,2157.23,2001.24,2050.88,1703.69,0.18,1000
6945,45,2157.23,2001.24,2069.42,1777.40,0.18,1000
6946,45,2157.23,2001.24,2078.95,1637.33,0.18,1000
6947,45,2157.23,2001.24,2010.48,1635.84,0.18,1000
6948,45,2157.23,2029.74,2072.00,1413.56,0.18,1000
6949,45,2157.23,2029.74,2094.55,1730.53,0.18,1000
6950,45,2183.08,2029.74,2183.08,1483.74,0.18,1000
6951,45,2183.08,2029.74,2065.23,1644.44,0.18,1000
6952,46,2183.08,2029.74,2058.54,1663.86,0.18,1000
6953,46,2183.08,2029.74,2051.86,1557.80,0.18,1000
6954,46,2183.08,2029.74,2046.54,1724.16,0.18,1000
6955,46,2183.08,2029.74,2074.74,1661.52,0.18,1000
6956,46,2183.08,2029.74,2048.14,1504.20,0.18,1000
6957,46,2183.08,2029.74,2060.14,1528.42,0.18,1000
6958,46,2183.08,2029.74,1983.92,1357.21,0.18,1000
6959,46,2183.08,2029.74,2070.02,1384.03,0.18,1000
6960,46,2183.08,2029.74,2104.55,1499.30,0.18,1000
6961,46,2183.08,2029.74,2049.44,1551.91,0.18,1000
6962,46,2183.08,2029.74,2025.62,1517.85,0.18,1000
6963,46,2183.08,2029.74,2049.49,1397.03,0.18,1000
6964,46,2183.08,2029.74,2057.38,1568.73,0.18,1000
6965,46,2183.08,2029.74,1996.59,1580.78,0.18,1000
6966,46,2183.08,2029.74,2036.28,1697.36,0.18,1000
6967,46,2183.08,2029.74,1989.53,1694.87,0.18,1000
6968,46,2183.08,2029.74,2096.78,1540.03,0.18,1000
6969,46,2183.08,2029.74,2074.77,1594.05,0.18,1000
6970,46,2183.08,2029.74,2042.81,1793.64,0.18,1000
6971,46,2183.08,2029.74,1954.89,1667.64,0.18,1000
6972,46,2183.08,2029.74,2042.69,1616.34,0.18,1000
6973,46,2183.08,2029.74,2041.71,1738.39,0.18,1000
6974,46,2183.08,2029.74,2031.50,1606.10,0.18,1000
6975,47,2183.08,2029.74,2037.06,1746.30,0.18,1000
6976,47,2183.08,2029.74,2067.56,1649.65,0.18,1000
6977,47,2183.08,2029.74,1982.63,1450.17,0.18,1000
6978,47,2183.08,2029.74,1938.50,1517.64,0.18,1000
6979,47,2183.08,2029.74,2001.57,1457.18,0.18,1000
6980,47,2183.08,2029.74,2038.18,1596.56,0.18,1000
6981,47,2183.08,2029.74,2013.08,1585.95,0.18,1000
6982,47,2183.08,2029.74,1988.84,1632.42,0.18,1000
6983,47,2183.08,2029.74,2053.25,1526.77,0.18,1000
6984,47,2183.08,2029.74,1891.13,1315.98,0.18,1000
6985,47,2183.08,2029.74,2065.12,1533.00,0.18,1000
6986,47,2183.08,2029.74,2073.86,1710.78,0.18,1000
6987,47,2183.08,2029.74,1982.99,1569.28,0.18,1000
6988,47,2183.08,2029.74,2082.51,1684.85,0.18,1000
6989,47,2183.08,2029.74,2025.69,1642.13,0.18,1000
6990,47,2183.08,2029.74,2021.57,1701.35,0.18,1000
6991,47,2183.08,2029.74,2013.81,1616.67,0.18,1000
6992,47,2183.08,2029.74,1985.68,1608.65,0.18,1000
6993,47,2183.08,2029.74,2029.56,1604.09,0.18,1000
6994,47,2183.08,2029.74,1955.68,1568.67,0.18,1000
6995,47,2183.08,2029.74,2002.13,1659.08,0.18,1000
6996,47,2183.08,2029.74,1952.85,1578.33,0.18,1000
6997,47,2183.08,2029.74,2109.20,1667.41,0.18,1000
6998,48,2183.08,2029.74,2044.91,1623.58,0.18,1000
6999,48,2183.08,2029.74,2003.20,1686.26,0.18,1000
7000,48,2183.08,2029.74,1991.12,1566.35,0.18,1000
7001,48,2183.08,2029.74,2054.71,1640.51,0.18,1000
7002,48,2183.08,2029.74,1985.32,1608.94,0.18,1000
7003,48,2183.08,2029.74,2006.71,1620.74,0.18,1000
7004,48,2183.08,2029.74,1998.02,1569.12,0.18,1000
7005,48,2183.08,2029.74,1986.33,1570.55,0.18,1000
7006,48,2183.08,2029.74,2043.13,1538.06,0.18,1000
7007,48,2183.08,2029.74,2036.25,1484.09,0.18,1000
7008,48,2183.08,2029.74,2073.17,1623.89,0.18,1000
7009,48,2183.08,2029.74,2062.43,1369.28,0.18,1000
7010,48,2183.08,2029.74,1970.86,1505.09,0.18,1000
7011,48,2183.08,2029.74,2029.81,1503.59,0.18,1000
7012,48,2183.08,2029.74,2009.97,1476.71,0.18,1000
7013,48,2183.08,2029.74,2043.81,1697.97,0.18,1000
7014,48,2183.08,2029.74,2082.14,1497.15,0.18,1000
7015,48,2183.08,2029.74,2037.38,1618.21,0.18,1000
7016,48,2183.08,2029.74,2139.29,1456.04,0.18,1000
7017,48,2183.08,2029.74,1985.23,1658.38,0.18,1000
7018,48,2183.08,2029.74,2076.25,1502.21,0.18,1000
7019,48,2183.08,2029.74,2032.85,1537.56,0.18,1000
7020,48,2183.08,2029.74,1913.09,1350.51,0.18,1000
7021,48,2183.08,2029.74,2028.76,1520.89,0.18,1000
7022,49,2183.08,2029.74,2090.15,1584.23,0.18,1000
7023,49,2183.08,2029.74,2038.74,1565.71,0.18,1000
7024,49,2183.08,2029.74,2035.25,1552.01,0.18,1000
7025,49,2183.08,2029.74,1958.05,1394.07,0.18,1000
7026,49,2183.08,2029.74,2027.53,1580.77,0.18,1000
7027,49,2183.08,2029.74,1897.06,1408.61,0.18,1000
7028,49,2183.08,2029.74,1979.91,1457.35,0.18,1000
7029,49,2183.08,2029.74,1975.18,1368.02,0.18,1000
7030,49,2183.08,2029.74,1996.90,1319.78,0.18,1000
7031,49,2183.08,2029.74,1992.25,1240.91,0.18,1000
7032,49,2183.08,2029.74,1995.50,1439.46,0.18,1000
7033,49,2183.08,2029.74,1908.25,1430.30,0.18,1000
7034,49,2183.08,2029.74,1934.31,1426.78,0.18,1000
7035,49,2183.08,2029.74,1985.77,1525.73,0.18,1000
7036,49,2183.08,2029.74,1958.18,1504.36,0.18,1000
7037,49,2183.08,2029.74,1983.08,1505.81,0.18,1000
7038,49,2183.08,2029.74,2000.25,1692.63,0.18,1000
7039,49,2183.08,2029.74,2035.44,1692.14,0.18,1000
7040,49,2183.08,2029.74,1947.82,1616.65,0.18,1000
7041,49,2183.08,2029.74,2031.59,1533.52,0.18,1000
7042,49,2183.08,2029.74,2026.50,1727.70,0.18,1000
7043,49,2183.08,2029.74,1980.37,1683.19,0.18,1000
7044,49,2183.08,2029.74,2028.05,1684.78,0.18,1000
7045,50,2183.08,2029.74,2079.64,1639.77,0.18,1000
7045,50,2183.08,2029.74,2079.64,1639.77,0.18,1000
