Id	Weibull Discovery Time	Discovery Time	Fraction Discovery	Information Time	Fraction Information
0	32198.0	21379.0	0.9105	3028.0	1.0
1	33502.0	19323.0	0.863	3149.0	1.0
2	35102.0	20485.0	0.869	3116.0	1.0
3	75596.0	22993.0	0.748	3366.0	1.0
4	39236.0	20660.0	0.8465	3143.0	1.0
5	63435.0	22636.0	0.7745	3458.0	1.0
6	114162.0	24752.0	0.6985	3547.0	1.0
7	54487.0	23652.0	0.81	2999.0	1.0
8	51297.0	20754.0	0.801	3172.0	1.0
9	33697.0	21792.0	0.896	3363.0	1.0
10	33203.0	21952.0	0.8995	3339.0	1.0
11	32771.0	21295.0	0.8905	3144.0	1.0
12	31000.0	20852.0	0.8965	3126.0	1.0
13	33375.0	20751.0	0.8875	3148.0	1.0
14	53896.0	22875.0	0.8035	3124.0	1.0
15	96426.0	24251.0	0.5435	4109.0	1.0
16	115203.0	24332.0	0.632	3889.0	1.0
17	33993.0	21074.0	0.8825	3032.0	1.0
18	34252.0	20515.0	0.8745	2834.0	1.0
19	108748.0	25068.0	0.689	3688.0	1.0
20	71266.0	22628.0	0.7695	2746.0	1.0
21	87968.0	23058.0	0.742	2702.0	1.0
22	42526.0	24275.0	0.859	3516.0	1.0
23	37936.0	20756.0	0.859	2992.0	1.0
24	40508.0	20644.0	0.8465	2992.0	1.0
25	52561.0	22650.0	0.8145	2987.0	1.0
26	33672.0	20633.0	0.883	2984.0	1.0
27	34394.0	21100.0	0.885	2988.0	1.0
28	34703.0	21988.0	0.8875	3212.0	1.0
29	34654.0	21471.0	0.899	3301.0	1.0
30	31818.0	20304.0	0.895	3018.0	1.0
31	49862.0	22053.0	0.8145	3282.0	1.0
32	46822.0	21441.0	0.8225	3422.0	1.0
33	100269.0	26515.0	0.6935	4761.0	1.0
34	79636.0	24273.0	0.753	3023.0	1.0
35	45391.0	21118.0	0.832	2810.0	1.0
36	51725.0	22390.0	0.815	3235.0	1.0
37	35859.0	20159.0	0.857	2973.0	1.0
38	32339.0	20545.0	0.895	2825.0	1.0
39	49899.0	21381.0	0.8095	3323.0	1.0
40	80519.0	21018.0	0.7375	2808.0	1.0
41	70107.0	22034.0	0.7625	3119.0	1.0
42	33782.0	20305.0	0.8665	3282.0	1.0
43	33875.0	19751.0	0.8715	3001.0	1.0
44	127056.0	23004.0	0.6815	3566.0	1.0
45	104673.0	24554.0	0.596	4300.0	1.0
46	57958.0	21388.0	0.775	3234.0	1.0
47	65977.0	23726.0	0.7645	3911.0	1.0
48	42451.0	22325.0	0.846	3516.0	1.0
49	45124.0	21247.0	0.83	2852.0	1.0
50	38810.0	20683.0	0.849	3049.0	1.0
51	42507.0	21352.0	0.8475	3065.0	1.0
52	94737.0	21781.0	0.503	4003.0	1.0
53	32864.0	20477.0	0.88	3149.0	1.0
54	56234.0	22774.0	0.805	3190.0	1.0
55	41637.0	19687.0	0.8285	3202.0	1.0
56	36548.0	24051.0	0.9035	3358.0	1.0
57	43989.0	22008.0	0.849	2941.0	1.0
58	35769.0	21601.0	0.878	3105.0	1.0
59	127672.0	21249.0	0.5975	5002.0	1.0
60	30017.0	20696.0	0.91	3218.0	1.0
61	41424.0	20053.0	0.8295	3207.0	1.0
62	30264.0	20470.0	0.9035	3008.0	1.0
63	32134.0	19489.0	0.8705	2927.0	1.0
64	30447.0	21168.0	0.9085	2986.0	1.0
65	56335.0	23800.0	0.803	3418.0	1.0
66	33845.0	21213.0	0.893	3053.0	1.0
67	46706.0	22507.0	0.818	3645.0	1.0
68	31523.0	20793.0	0.904	3021.0	1.0
69	38933.0	21882.0	0.866	2944.0	1.0
70	108873.0	22964.0	0.695	3186.0	1.0
71	36009.0	22883.0	0.8815	3824.0	1.0
72	32717.0	20974.0	0.8965	3123.0	1.0
73	46993.0	24134.0	0.8385	3605.0	1.0
74	53163.0	22269.0	0.8025	3316.0	1.0
75	41133.0	20832.0	0.845	3021.0	1.0
76	33921.0	20312.0	0.874	3260.0	1.0
77	44197.0	21278.0	0.822	3334.0	1.0
78	35943.0	21252.0	0.8705	3194.0	1.0
79	29652.0	20819.0	0.9065	3061.0	1.0
80	154531.0	15570.0	0.583	3669.0	1.0
81	66572.0	23193.0	0.229	15590.0	0.8245
82	127790.0	23425.0	0.6495	3580.0	1.0
83	30943.0	22313.0	0.923	3461.0	1.0
84	34558.0	22096.0	0.892	3161.0	1.0
85	35431.0	19670.0	0.8595	3137.0	1.0
86	33513.0	20492.0	0.881	3140.0	1.0
87	67717.0	22444.0	0.758	3641.0	1.0
88	48336.0	21986.0	0.824	2827.0	1.0
89	37709.0	21573.0	0.867	3027.0	1.0
90	36375.0	21875.0	0.8755	3270.0	1.0
91	37258.0	20666.0	0.859	3265.0	1.0
92	34990.0	21045.0	0.885	3040.0	1.0
93	57093.0	22702.0	0.786	3687.0	1.0
94	42565.0	23866.0	0.858	3744.0	1.0
95	39499.0	21896.0	0.8635	2900.0	1.0
96	35865.0	20670.0	0.874	3080.0	1.0
97	44487.0	22476.0	0.838	3249.0	1.0
98	70361.0	22195.0	0.76	3018.0	1.0
99	43674.0	21021.0	0.8285	3158.0	1.0
0	32449.0	22004.0	0.909	3065.0	1.0
1	33549.0	19128.0	0.8605	3015.0	1.0
2	34567.0	20532.0	0.8745	3156.0	1.0
3	74654.0	22702.0	0.748	3352.0	1.0
4	39328.0	21895.0	0.8615	3289.0	1.0
5	62783.0	22125.0	0.7765	3468.0	1.0
6	108983.0	25021.0	0.701	3669.0	1.0
7	51184.0	22616.0	0.8165	3303.0	1.0
8	44011.0	20629.0	0.824	3164.0	1.0
9	31775.0	21129.0	0.8965	3342.0	1.0
10	32445.0	21079.0	0.893	3041.0	1.0
11	34333.0	21216.0	0.888	3176.0	1.0
12	33891.0	21212.0	0.8855	2964.0	1.0
13	33988.0	20690.0	0.892	2960.0	1.0
14	44486.0	20983.0	0.832	2889.0	1.0
15	99193.0	24067.0	0.5495	4470.0	0.9985
16	116276.0	26500.0	0.669	3749.0	1.0
17	35552.0	21759.0	0.88	2987.0	1.0
18	35685.0	20806.0	0.8685	2867.0	1.0
19	115511.0	24465.0	0.6925	3486.0	1.0
20	85815.0	22007.0	0.7345	2900.0	1.0
21	84096.0	22003.0	0.7385	2889.0	1.0
22	41790.0	22735.0	0.8605	3425.0	1.0
23	40303.0	20760.0	0.845	3117.0	1.0
24	43645.0	21430.0	0.8385	2931.0	1.0
25	53625.0	21831.0	0.805	3056.0	1.0
26	33852.0	20429.0	0.882	2846.0	1.0
27	34637.0	21618.0	0.8905	3084.0	1.0
28	38173.0	22990.0	0.8815	3179.0	1.0
29	31470.0	21309.0	0.9035	3198.0	1.0
30	31850.0	20213.0	0.8925	2672.0	1.0
31	48873.0	22101.0	0.819	3063.0	1.0
32	42959.0	21419.0	0.8335	3252.0	1.0
33	109151.0	27365.0	0.686	4612.0	1.0
34	89585.0	23944.0	0.73	2893.0	1.0
35	42225.0	21817.0	0.8435	3046.0	1.0
36	42561.0	20681.0	0.8255	3314.0	1.0
37	35423.0	20432.0	0.8695	2931.0	1.0
38	32227.0	21286.0	0.895	3039.0	1.0
39	50807.0	21720.0	0.808	3288.0	1.0
40	73678.0	22695.0	0.751	2852.0	1.0
41	57861.0	21799.0	0.798	2680.0	1.0
42	34750.0	20015.0	0.864	3098.0	1.0
43	31829.0	19251.0	0.8695	3197.0	1.0
44	116056.0	23070.0	0.6815	3892.0	1.0
45	112214.0	25607.0	0.6355	4354.0	1.0
46	50920.0	21627.0	0.7975	2959.0	1.0
47	69059.0	23673.0	0.7545	4241.0	1.0
48	41718.0	22462.0	0.8495	3189.0	1.0
49	44994.0	19663.0	0.8225	2947.0	1.0
50	37542.0	19905.0	0.845	3162.0	1.0
51	39621.0	20363.0	0.844	2964.0	1.0
52	95413.0	20504.0	0.477	3973.0	0.9995
53	33196.0	20505.0	0.8815	3121.0	1.0
54	51341.0	24404.0	0.8335	3119.0	1.0
55	42917.0	20283.0	0.8275	3367.0	1.0
56	37017.0	22641.0	0.8865	3303.0	1.0
57	44712.0	21011.0	0.8285	2833.0	1.0
58	38287.0	21713.0	0.8645	3198.0	1.0
59	132413.0	20977.0	0.624	3787.0	1.0
60	31050.0	20471.0	0.8975	2848.0	1.0
61	40130.0	20155.0	0.829	3510.0	1.0
62	32109.0	21309.0	0.9015	2984.0	1.0
63	36546.0	20500.0	0.868	3109.0	1.0
64	27957.0	20056.0	0.918	3288.0	1.0
65	53651.0	22607.0	0.7925	3352.0	1.0
66	31354.0	20351.0	0.893	3074.0	1.0
67	45125.0	21804.0	0.83	3098.0	1.0
68	29450.0	20854.0	0.9135	3106.0	1.0
69	41926.0	22543.0	0.8595	3202.0	1.0
70	88862.0	21778.0	0.7225	2998.0	1.0
71	32949.0	22313.0	0.9015	3743.0	1.0
72	35771.0	21916.0	0.893	3084.0	1.0
73	47453.0	23565.0	0.8375	3896.0	1.0
74	57159.0	21936.0	0.7815	3126.0	1.0
75	37039.0	20496.0	0.8605	2891.0	1.0
76	33275.0	21053.0	0.882	3296.0	1.0
77	39922.0	20401.0	0.838	3291.0	1.0
78	36392.0	21230.0	0.875	3111.0	1.0
79	33633.0	21868.0	0.896	3160.0	1.0
80	145811.0	17159.0	0.6015	3654.0	1.0
81	66501.0	21878.0	0.2125	16184.0	0.807
82	121567.0	24905.0	0.651	3385.0	1.0
83	33625.0	23240.0	0.913	3424.0	1.0
84	35936.0	21333.0	0.8705	3509.0	1.0
85	36282.0	19809.0	0.8585	3171.0	1.0
86	36614.0	21016.0	0.868	2976.0	1.0
87	70263.0	22150.0	0.747	3503.0	1.0
88	54651.0	21559.0	0.8005	2932.0	1.0
89	40515.0	21735.0	0.8565	3237.0	1.0
90	37355.0	21972.0	0.8745	3234.0	1.0
91	37410.0	21519.0	0.867	3491.0	1.0
92	38474.0	22545.0	0.875	3133.0	1.0
93	57612.0	21852.0	0.7945	3131.0	1.0
94	41142.0	23610.0	0.8675	3633.0	1.0
95	39161.0	22107.0	0.868	2921.0	1.0
96	31991.0	20523.0	0.8885	3203.0	1.0
97	43591.0	21809.0	0.833	3160.0	1.0
98	73490.0	23596.0	0.7465	3020.0	1.0
99	44047.0	21742.0	0.8445	2862.0	1.0
0	31569.0	21031.0	0.91	3021.0	1.0
1	34128.0	18900.0	0.8545	2941.0	1.0
2	33820.0	20723.0	0.8745	3267.0	1.0
3	73229.0	23307.0	0.7635	3252.0	1.0
4	36488.0	19788.0	0.8485	3070.0	1.0
5	60403.0	21390.0	0.776	3321.0	1.0
6	106986.0	26217.0	0.6945	3766.0	1.0
7	51146.0	23240.0	0.824	2993.0	1.0
8	48412.0	20376.0	0.8125	2934.0	1.0
9	33843.0	21076.0	0.8825	3094.0	1.0
10	32672.0	20652.0	0.8875	3061.0	1.0
11	32569.0	20594.0	0.893	2945.0	1.0
12	33093.0	20421.0	0.877	3163.0	1.0
13	32298.0	20605.0	0.894	2952.0	1.0
14	46888.0	21237.0	0.8215	3042.0	1.0
15	102248.0	24140.0	0.554	4034.0	0.999
16	127193.0	23385.0	0.6475	3561.0	1.0
17	35137.0	21689.0	0.883	3021.0	1.0
18	39040.0	21658.0	0.8555	2989.0	1.0
19	94360.0	23476.0	0.6935	3818.0	1.0
20	81112.0	21579.0	0.7195	3160.0	1.0
21	79777.0	22368.0	0.7395	3000.0	1.0
22	39896.0	22949.0	0.8655	3682.0	1.0
23	36346.0	20127.0	0.857	3212.0	1.0
24	39487.0	20959.0	0.8575	2900.0	1.0
25	53292.0	21297.0	0.797	3044.0	1.0
26	33049.0	20441.0	0.882	3137.0	1.0
27	34341.0	21952.0	0.895	2971.0	1.0
28	36318.0	22062.0	0.8815	3189.0	1.0
29	35235.0	22333.0	0.8915	3346.0	1.0
30	29747.0	19676.0	0.9025	2970.0	1.0
31	50230.0	22173.0	0.8175	3273.0	1.0
32	43803.0	22312.0	0.8365	3234.0	1.0
33	105066.0	28087.0	0.693	4516.0	1.0
34	80632.0	23265.0	0.727	3181.0	1.0
35	46586.0	21404.0	0.8255	3099.0	1.0
36	43782.0	20647.0	0.825	3043.0	1.0
37	35827.0	20693.0	0.867	3248.0	1.0
38	32496.0	21398.0	0.903	3003.0	1.0
39	52690.0	21867.0	0.8005	3261.0	1.0
40	88988.0	23431.0	0.723	3331.0	1.0
41	62199.0	22103.0	0.78	2966.0	1.0
42	33936.0	20479.0	0.8785	3259.0	1.0
43	32263.0	19663.0	0.872	2968.0	1.0
44	124399.0	23038.0	0.6805	3800.0	1.0
45	105290.0	26342.0	0.595	4660.0	1.0
46	54613.0	22572.0	0.7945	3177.0	1.0
47	69254.0	23137.0	0.76	4070.0	1.0
48	38575.0	21091.0	0.8555	3155.0	1.0
49	41006.0	21071.0	0.836	3168.0	1.0
50	42231.0	20568.0	0.837	2942.0	1.0
51	37701.0	20415.0	0.8575	2994.0	1.0
52	92337.0	22087.0	0.4875	4153.0	0.999
53	31459.0	19731.0	0.8785	2969.0	1.0
54	51875.0	22971.0	0.8235	3147.0	1.0
55	42264.0	20325.0	0.8315	3145.0	1.0
56	33487.0	22761.0	0.911	3048.0	1.0
57	43059.0	19688.0	0.827	2763.0	1.0
58	40525.0	22810.0	0.8695	3131.0	1.0
59	136848.0	19141.0	0.606	3735.0	1.0
60	30260.0	20338.0	0.9025	3046.0	1.0
61	40916.0	20972.0	0.84	3193.0	1.0
62	31190.0	21334.0	0.9065	2950.0	1.0
63	33008.0	20190.0	0.88	3123.0	1.0
64	32388.0	21231.0	0.8945	3190.0	1.0
65	57450.0	23417.0	0.7975	3653.0	1.0
66	33875.0	21351.0	0.894	3241.0	1.0
67	44706.0	21667.0	0.8225	3215.0	1.0
68	33167.0	21273.0	0.8945	3022.0	1.0
69	36983.0	21877.0	0.8715	3303.0	1.0
70	99683.0	23733.0	0.714	3056.0	1.0
71	32149.0	22013.0	0.901	3582.0	1.0
72	36181.0	22553.0	0.889	3194.0	1.0
73	48348.0	24464.0	0.847	3266.0	1.0
74	60588.0	22153.0	0.782	3305.0	1.0
75	36771.0	20376.0	0.858	2927.0	1.0
76	33848.0	20648.0	0.8795	3129.0	1.0
77	44967.0	22082.0	0.821	3587.0	1.0
78	35861.0	20966.0	0.871	3139.0	1.0
79	31216.0	20856.0	0.905	2984.0	1.0
80	140957.0	16496.0	0.6015	3736.0	1.0
81	66420.0	20640.0	0.246	14260.0	0.7915
82	119301.0	24528.0	0.6415	3545.0	0.9905
83	32200.0	21975.0	0.914	3224.0	1.0
84	36061.0	21964.0	0.878	3500.0	1.0
85	33781.0	19946.0	0.8745	2835.0	1.0
86	34891.0	21759.0	0.8875	3051.0	1.0
87	62870.0	21980.0	0.7785	2946.0	1.0
88	51028.0	23438.0	0.82	3227.0	1.0
89	38670.0	21672.0	0.86	3151.0	1.0
90	37688.0	22828.0	0.878	3150.0	1.0
91	35809.0	21346.0	0.866	3660.0	1.0
92	35898.0	21574.0	0.8795	3105.0	1.0
93	60286.0	23359.0	0.789	3460.0	1.0
94	41773.0	23387.0	0.8465	3555.0	1.0
95	38046.0	21588.0	0.8685	2957.0	1.0
96	34630.0	21251.0	0.8875	2876.0	1.0
97	44456.0	23403.0	0.83	4160.0	1.0
98	76635.0	22986.0	0.7555	2969.0	1.0
99	45266.0	22262.0	0.8435	2924.0	1.0
0	32418.0	21649.0	0.9115	3190.0	1.0
1	34764.0	20090.0	0.8545	3515.0	1.0
2	36706.0	22186.0	0.8765	3291.0	1.0
3	70479.0	21264.0	0.753	3008.0	1.0
4	37156.0	20553.0	0.8595	3091.0	1.0
5	67848.0	22705.0	0.754	3501.0	1.0
6	128872.0	25748.0	0.679	3686.0	1.0
7	50876.0	22740.0	0.8255	2885.0	1.0
8	47454.0	20854.0	0.817	3244.0	1.0
9	33417.0	21987.0	0.893	3172.0	1.0
10	33512.0	21579.0	0.8925	3187.0	1.0
11	32203.0	20351.0	0.892	3263.0	1.0
12	31795.0	21083.0	0.8985	3292.0	1.0
13	35227.0	21091.0	0.8785	2931.0	1.0
14	47820.0	22457.0	0.8215	2976.0	1.0
15	105311.0	23178.0	0.554	4723.0	1.0
16	122380.0	24723.0	0.6535	3521.0	1.0
17	34119.0	22189.0	0.894	3333.0	1.0
18	34939.0	20418.0	0.86	3012.0	1.0
19	102897.0	24047.0	0.6965	3484.0	1.0
20	81777.0	21597.0	0.7275	3167.0	1.0
21	84686.0	22842.0	0.729	3103.0	1.0
22	41438.0	23516.0	0.8595	3327.0	1.0
23	36941.0	20450.0	0.8545	2769.0	1.0
24	42382.0	20601.0	0.834	3010.0	1.0
25	52809.0	21607.0	0.803	2878.0	1.0
26	35111.0	21273.0	0.8815	3036.0	1.0
27	34318.0	21357.0	0.884	3067.0	1.0
28	33656.0	22095.0	0.9045	3310.0	1.0
29	35057.0	22774.0	0.898	3241.0	1.0
30	33793.0	20396.0	0.8815	3031.0	1.0
31	53963.0	22634.0	0.802	3236.0	1.0
32	42381.0	21867.0	0.8425	3242.0	1.0
33	96490.0	27456.0	0.6925	5371.0	1.0
34	78041.0	23115.0	0.7425	3140.0	1.0
35	46856.0	22169.0	0.83	3357.0	1.0
36	38297.0	20186.0	0.8405	3428.0	1.0
37	34667.0	20226.0	0.873	2856.0	1.0
38	31476.0	21077.0	0.911	2989.0	1.0
39	55026.0	22844.0	0.803	3384.0	1.0
40	89993.0	21154.0	0.714	2814.0	1.0
41	65164.0	21451.0	0.769	2812.0	1.0
42	34004.0	19990.0	0.8745	2960.0	1.0
43	36649.0	20612.0	0.8605	3049.0	1.0
44	143497.0	23837.0	0.667	3970.0	1.0
45	108308.0	25045.0	0.6185	3817.0	1.0
46	65642.0	23094.0	0.767	3215.0	1.0
47	59950.0	24068.0	0.782	3830.0	1.0
48	40252.0	22840.0	0.86	3394.0	1.0
49	39916.0	19076.0	0.825	2917.0	1.0
50	38680.0	20295.0	0.842	3036.0	1.0
51	41629.0	21315.0	0.848	2973.0	1.0
52	100448.0	21055.0	0.487	3532.0	0.9995
53	33045.0	20394.0	0.8835	2899.0	1.0
54	49591.0	22013.0	0.824	3018.0	1.0
55	39316.0	20265.0	0.8465	3286.0	1.0
56	32813.0	22979.0	0.913	3386.0	1.0
57	45747.0	21545.0	0.8375	2973.0	1.0
58	40127.0	23064.0	0.8785	3055.0	1.0
59	134581.0	21740.0	0.6245	3795.0	1.0
60	29049.0	20535.0	0.9085	3048.0	1.0
61	43678.0	20678.0	0.826	3344.0	1.0
62	31443.0	21030.0	0.9135	2769.0	1.0
63	32384.0	20439.0	0.883	3171.0	1.0
64	30912.0	21065.0	0.9075	3296.0	1.0
65	52819.0	23918.0	0.8	3956.0	1.0
66	31152.0	20996.0	0.901	3309.0	1.0
67	47151.0	22127.0	0.8205	3606.0	1.0
68	29953.0	20809.0	0.904	3262.0	1.0
69	37257.0	22328.0	0.876	3118.0	1.0
70	89532.0	22137.0	0.721	3146.0	1.0
71	35204.0	22799.0	0.892	3616.0	1.0
72	34554.0	22264.0	0.889	3113.0	1.0
73	47406.0	24486.0	0.844	3362.0	1.0
74	58381.0	21557.0	0.786	3157.0	1.0
75	36708.0	20476.0	0.863	2916.0	1.0
76	32920.0	20013.0	0.881	3121.0	1.0
77	46038.0	22350.0	0.8285	3428.0	1.0
78	34456.0	19596.0	0.868	2919.0	1.0
79	33936.0	21930.0	0.8935	3300.0	1.0
80	130557.0	16469.0	0.609	3556.0	1.0
81	66424.0	19200.0	0.2125	15247.0	0.779
82	116442.0	24313.0	0.635	3596.0	1.0
83	33984.0	22640.0	0.9045	3180.0	1.0
84	38852.0	22454.0	0.866	3436.0	1.0
85	40437.0	20601.0	0.845	2894.0	1.0
86	33080.0	20224.0	0.879	3015.0	1.0
87	73253.0	23176.0	0.7555	3284.0	1.0
88	58058.0	22861.0	0.792	3174.0	1.0
89	39688.0	22030.0	0.866	2990.0	1.0
90	36943.0	21941.0	0.872	3050.0	1.0
91	38276.0	22340.0	0.871	3271.0	1.0
92	35091.0	21951.0	0.885	3116.0	1.0
93	56848.0	21274.0	0.791	3037.0	1.0
94	41360.0	23847.0	0.858	3541.0	1.0
95	37407.0	21691.0	0.8705	2882.0	1.0
96	34834.0	21397.0	0.8835	3200.0	1.0
97	43794.0	23007.0	0.8385	3841.0	1.0
98	70579.0	22105.0	0.753	2924.0	1.0
99	44897.0	21998.0	0.833	3092.0	1.0
0	29077.0	21025.0	0.925	3141.0	1.0
1	31966.0	19466.0	0.8705	2940.0	1.0
2	39819.0	21796.0	0.861	3373.0	1.0
3	84212.0	22627.0	0.7375	3171.0	1.0
4	42278.0	20518.0	0.8425	2966.0	1.0
5	67509.0	21491.0	0.762	3093.0	1.0
6	124454.0	25054.0	0.676	3815.0	1.0
7	56465.0	24087.0	0.802	3204.0	1.0
8	48427.0	20560.0	0.818	2973.0	1.0
9	34306.0	21355.0	0.89	3048.0	1.0
10	32571.0	21106.0	0.8945	3079.0	1.0
11	35596.0	21037.0	0.8825	3117.0	1.0
12	33469.0	21024.0	0.8845	3526.0	1.0
13	31508.0	20905.0	0.9	3040.0	1.0
14	52915.0	22553.0	0.8135	2949.0	1.0
15	103308.0	22318.0	0.533	4513.0	1.0
16	121558.0	24801.0	0.647	4105.0	1.0
17	37437.0	21742.0	0.8775	2788.0	1.0
18	35976.0	20635.0	0.8695	3003.0	1.0
19	105458.0	24137.0	0.693	3532.0	1.0
20	80032.0	22680.0	0.7405	3032.0	1.0
21	76513.0	22273.0	0.7475	2846.0	1.0
22	42139.0	23582.0	0.8605	3802.0	1.0
23	39025.0	20951.0	0.855	2946.0	1.0
24	43148.0	21517.0	0.84	3273.0	1.0
25	56266.0	22123.0	0.7975	3146.0	1.0
26	34683.0	21060.0	0.881	3174.0	1.0
27	34202.0	20747.0	0.8775	3060.0	1.0
28	36189.0	22081.0	0.888	3277.0	1.0
29	34967.0	22118.0	0.895	2991.0	1.0
30	31556.0	19691.0	0.8785	3190.0	1.0
31	55864.0	21824.0	0.7905	3158.0	1.0
32	46320.0	22826.0	0.8295	3420.0	1.0
33	91457.0	26915.0	0.71	5203.0	1.0
34	79939.0	23085.0	0.7495	2841.0	1.0
35	42798.0	20968.0	0.834	2959.0	1.0
36	47651.0	21876.0	0.83	3044.0	1.0
37	35990.0	20191.0	0.8685	2981.0	1.0
38	33186.0	21489.0	0.901	3086.0	1.0
39	57559.0	21928.0	0.794	3287.0	1.0
40	71487.0	23157.0	0.7535	3074.0	1.0
41	57553.0	21391.0	0.78	3178.0	1.0
42	35056.0	20263.0	0.8605	2881.0	1.0
43	32603.0	20877.0	0.885	3169.0	1.0
44	133823.0	24974.0	0.6685	3909.0	1.0
45	104556.0	24783.0	0.5915	4265.0	1.0
46	51966.0	21285.0	0.7975	2913.0	1.0
47	71712.0	24109.0	0.762	3720.0	1.0
48	40842.0	23872.0	0.868	3671.0	1.0
49	41925.0	20685.0	0.832	3122.0	1.0
50	41678.0	20156.0	0.8315	3013.0	1.0
51	42582.0	21335.0	0.8405	2946.0	1.0
52	101809.0	21081.0	0.508	3961.0	1.0
53	32640.0	19858.0	0.8705	3224.0	1.0
54	52173.0	22800.0	0.813	2892.0	1.0
55	41335.0	20720.0	0.8445	3024.0	1.0
56	37895.0	23481.0	0.8935	3198.0	1.0
57	46791.0	21200.0	0.8265	2969.0	1.0
58	37954.0	22183.0	0.8735	3132.0	1.0
59	131447.0	20473.0	0.606	3982.0	1.0
60	31322.0	21060.0	0.912	2771.0	1.0
61	41808.0	20626.0	0.8355	3137.0	1.0
62	31226.0	20647.0	0.894	3095.0	1.0
63	32900.0	20506.0	0.8905	3156.0	1.0
64	28915.0	20298.0	0.9155	3118.0	1.0
65	56651.0	23535.0	0.7945	3469.0	1.0
66	31849.0	20663.0	0.8935	3321.0	1.0
67	39788.0	20788.0	0.84	3521.0	1.0
68	35329.0	21625.0	0.8825	2976.0	1.0
69	40118.0	22841.0	0.8615	3210.0	1.0
70	100157.0	23375.0	0.707	3239.0	1.0
71	36624.0	22876.0	0.885	3832.0	1.0
72	33021.0	21687.0	0.901	3193.0	1.0
73	48880.0	23500.0	0.8355	3507.0	1.0
74	49792.0	20318.0	0.8095	2774.0	1.0
75	41614.0	21418.0	0.852	3348.0	1.0
76	31950.0	19550.0	0.868	3454.0	1.0
77	43303.0	21094.0	0.83	3376.0	1.0
78	36625.0	20379.0	0.865	3080.0	1.0
79	33982.0	21737.0	0.9025	2944.0	1.0
80	136678.0	16371.0	0.57	3770.0	1.0
81	66530.0	18409.0	0.211	13824.0	0.776
82	123369.0	22976.0	0.6425	3456.0	1.0
83	31474.0	22201.0	0.9115	3412.0	1.0
84	36610.0	21844.0	0.881	3181.0	1.0
85	35694.0	19736.0	0.8615	3042.0	1.0
86	34551.0	21474.0	0.892	3147.0	1.0
87	67666.0	23747.0	0.776	3180.0	1.0
88	52344.0	22227.0	0.801	3260.0	1.0
89	38327.0	21840.0	0.8695	3070.0	1.0
90	37447.0	21942.0	0.8745	3017.0	1.0
91	36031.0	21269.0	0.869	3347.0	1.0
92	35343.0	21187.0	0.8785	3015.0	1.0
93	58446.0	21533.0	0.778	2988.0	1.0
94	40558.0	22888.0	0.86	4006.0	1.0
95	38910.0	21098.0	0.8505	3262.0	1.0
96	37127.0	21342.0	0.8735	3125.0	1.0
97	43499.0	21694.0	0.8275	3412.0	1.0
98	74530.0	22627.0	0.7555	3193.0	1.0
99	39628.0	20624.0	0.851	2783.0	1.0
0	29436.0	20520.0	0.915	2924.0	1.0
1	34036.0	19757.0	0.862	3462.0	1.0
2	35686.0	19882.0	0.8615	3107.0	1.0
3	72846.0	22100.0	0.755	3201.0	1.0
4	39191.0	20245.0	0.849	2921.0	1.0
5	75574.0	22486.0	0.7555	3390.0	1.0
6	109025.0	25772.0	0.6975	3654.0	1.0
7	52999.0	22141.0	0.8065	3049.0	1.0
8	48239.0	20772.0	0.815	3016.0	1.0
9	30796.0	21032.0	0.91	3104.0	1.0
10	34006.0	21283.0	0.889	3169.0	1.0
11	33704.0	20855.0	0.8885	2964.0	1.0
12	32836.0	21018.0	0.889	2921.0	1.0
13	31921.0	20793.0	0.8935	3041.0	1.0
14	47613.0	21611.0	0.821	3049.0	1.0
15	104186.0	23181.0	0.5505	4268.0	1.0
16	127701.0	24269.0	0.655	3722.0	1.0
17	35066.0	21311.0	0.8795	2958.0	1.0
18	39008.0	20886.0	0.849	3041.0	1.0
19	96478.0	25952.0	0.711	3455.0	1.0
20	90758.0	21481.0	0.7235	2769.0	1.0
21	84185.0	22635.0	0.7315	3051.0	1.0
22	39646.0	23412.0	0.8835	3161.0	1.0
23	41195.0	22280.0	0.8535	3122.0	1.0
24	40599.0	21298.0	0.8435	2972.0	1.0
25	57757.0	21902.0	0.797	2814.0	1.0
26	36846.0	21069.0	0.8635	3092.0	1.0
27	37071.0	22595.0	0.8895	3546.0	1.0
28	37216.0	23526.0	0.8945	3226.0	1.0
29	30861.0	21831.0	0.9115	3315.0	1.0
30	33635.0	20696.0	0.882	3247.0	1.0
31	50748.0	21129.0	0.807	3013.0	1.0
32	49938.0	22740.0	0.8065	3555.0	1.0
33	95334.0	26292.0	0.699	5132.0	1.0
34	106668.0	23076.0	0.7055	3140.0	1.0
35	46473.0	22053.0	0.828	3117.0	1.0
36	44618.0	20847.0	0.8265	3230.0	1.0
37	36492.0	19836.0	0.8575	2806.0	1.0
38	34494.0	21779.0	0.891	3327.0	1.0
39	54544.0	21971.0	0.792	3275.0	1.0
40	85815.0	22860.0	0.7205	3174.0	1.0
41	65291.0	22499.0	0.7715	3184.0	1.0
42	33668.0	20464.0	0.875	3091.0	1.0
43	35837.0	20271.0	0.8615	3257.0	1.0
44	129714.0	23585.0	0.6715	3707.0	1.0
45	106156.0	24902.0	0.5985	4456.0	1.0
46	59684.0	22098.0	0.782	2961.0	1.0
47	66058.0	24384.0	0.7655	3647.0	1.0
48	40165.0	22032.0	0.8545	3229.0	1.0
49	42673.0	19931.0	0.824	2988.0	1.0
50	37725.0	20088.0	0.8465	3100.0	1.0
51	41113.0	20646.0	0.83	3105.0	1.0
52	107124.0	21842.0	0.53	3437.0	1.0
53	30981.0	19704.0	0.884	3047.0	1.0
54	55788.0	22950.0	0.807	3085.0	1.0
55	42020.0	19932.0	0.832	3191.0	1.0
56	37097.0	23648.0	0.8965	3401.0	1.0
57	41711.0	20251.0	0.833	2983.0	1.0
58	37573.0	22872.0	0.8825	3137.0	1.0
59	137581.0	20982.0	0.623	4229.0	1.0
60	30318.0	21642.0	0.9135	3138.0	1.0
61	40761.0	20696.0	0.842	3182.0	1.0
62	33775.0	21775.0	0.895	3201.0	1.0
63	32164.0	20429.0	0.888	3128.0	1.0
64	31087.0	20881.0	0.9015	2984.0	1.0
65	57008.0	23153.0	0.7845	3507.0	1.0
66	31983.0	21170.0	0.9035	3142.0	1.0
67	44353.0	22729.0	0.8405	3521.0	1.0
68	31905.0	22075.0	0.909	3087.0	1.0
69	39501.0	22720.0	0.873	3067.0	1.0
70	81560.0	22279.0	0.7325	3095.0	1.0
71	34187.0	22455.0	0.897	3357.0	1.0
72	33501.0	21920.0	0.905	3267.0	1.0
73	46708.0	23558.0	0.841	3628.0	1.0
74	59250.0	22051.0	0.7805	3304.0	1.0
75	39890.0	21710.0	0.859	2935.0	1.0
76	30671.0	19683.0	0.884	3134.0	1.0
77	45000.0	21748.0	0.8215	3487.0	1.0
78	34664.0	19865.0	0.8735	2927.0	1.0
79	31300.0	21294.0	0.9035	3139.0	1.0
80	147639.0	15607.0	0.588	3433.0	1.0
81	66859.0	19798.0	0.2145	16834.0	0.8325
82	133369.0	22983.0	0.6485	3546.0	1.0
83	32328.0	22568.0	0.915	3470.0	1.0
84	36831.0	22372.0	0.8835	3244.0	1.0
85	34608.0	19304.0	0.8595	3090.0	1.0
86	35002.0	20516.0	0.867	3230.0	1.0
87	62569.0	21765.0	0.77	3211.0	1.0
88	50363.0	23242.0	0.836	3136.0	1.0
89	36986.0	21492.0	0.8695	3285.0	1.0
90	35052.0	21265.0	0.8805	3506.0	1.0
91	35140.0	20536.0	0.869	2981.0	1.0
92	34206.0	21754.0	0.8915	3140.0	1.0
93	61799.0	21784.0	0.7805	3002.0	1.0
94	39952.0	22934.0	0.859	3699.0	1.0
95	40134.0	20805.0	0.845	2821.0	1.0
96	35199.0	20477.0	0.87	3049.0	1.0
97	39065.0	21689.0	0.85	3661.0	1.0
98	77471.0	21633.0	0.7415	2868.0	1.0
99	42916.0	21070.0	0.839	2878.0	1.0
0	31165.0	21411.0	0.91	3079.0	1.0
1	31864.0	19319.0	0.868	3321.0	1.0
2	34272.0	21041.0	0.8725	3412.0	1.0
3	77916.0	22677.0	0.751	3146.0	1.0
4	39905.0	20857.0	0.8445	3030.0	1.0
5	66742.0	21099.0	0.7595	3276.0	1.0
6	109189.0	24837.0	0.697	3650.0	1.0
7	52793.0	22752.0	0.8155	3042.0	1.0
8	44712.0	20274.0	0.8195	3133.0	1.0
9	31732.0	20431.0	0.8945	3026.0	1.0
10	33911.0	21190.0	0.883	2979.0	1.0
11	32663.0	20862.0	0.8925	3073.0	1.0
12	33192.0	21313.0	0.898	2933.0	1.0
13	33159.0	21241.0	0.8885	3106.0	1.0
14	49418.0	22531.0	0.822	2793.0	1.0
15	99945.0	23042.0	0.532	4312.0	0.98
16	119815.0	25190.0	0.651	3626.0	1.0
17	35408.0	22142.0	0.88	3057.0	1.0
18	36823.0	20623.0	0.8605	3325.0	1.0
19	95325.0	22997.0	0.7015	3782.0	1.0
20	87726.0	20973.0	0.725	2865.0	1.0
21	85932.0	22051.0	0.721	3280.0	1.0
22	45208.0	24023.0	0.8475	3239.0	1.0
23	35111.0	21136.0	0.872	3115.0	1.0
24	40235.0	20050.0	0.8345	3138.0	1.0
25	52644.0	21469.0	0.805	2919.0	1.0
26	37200.0	21098.0	0.8685	3237.0	1.0
27	38012.0	23381.0	0.885	3299.0	1.0
28	37821.0	23384.0	0.895	3275.0	1.0
29	32044.0	21758.0	0.912	3241.0	1.0
30	33757.0	19804.0	0.881	2966.0	1.0
31	46780.0	21932.0	0.8175	3228.0	1.0
32	46826.0	21576.0	0.823	3249.0	1.0
33	104730.0	26444.0	0.697	5389.0	1.0
34	76936.0	23971.0	0.738	3264.0	1.0
35	44952.0	20929.0	0.8355	2856.0	1.0
36	40853.0	20409.0	0.8315	3333.0	1.0
37	35141.0	20694.0	0.8715	3115.0	1.0
38	30630.0	20411.0	0.898	3133.0	1.0
39	58706.0	22531.0	0.7895	3474.0	1.0
40	84444.0	22268.0	0.7265	3148.0	1.0
41	57498.0	21830.0	0.779	3105.0	1.0
42	35235.0	20699.0	0.8725	3160.0	1.0
43	32748.0	20442.0	0.8855	3059.0	1.0
44	127398.0	25415.0	0.6755	3996.0	1.0
45	103888.0	25701.0	0.6035	4388.0	1.0
46	55328.0	22728.0	0.798	2902.0	1.0
47	63665.0	23503.0	0.7625	3811.0	1.0
48	39914.0	22194.0	0.8525	3394.0	1.0
49	43173.0	19910.0	0.8205	3217.0	1.0
50	43327.0	20365.0	0.821	3132.0	1.0
51	38274.0	20302.0	0.855	2783.0	1.0
52	92695.0	22814.0	0.491	3530.0	1.0
53	31410.0	19827.0	0.8805	2923.0	1.0
54	48311.0	22414.0	0.8175	3413.0	1.0
55	41788.0	19473.0	0.8285	2871.0	1.0
56	33108.0	22740.0	0.91	3440.0	1.0
57	49027.0	22004.0	0.8185	2869.0	1.0
58	39018.0	21868.0	0.871	3060.0	1.0
59	129325.0	22188.0	0.615	3688.0	1.0
60	31536.0	21788.0	0.9095	3443.0	1.0
61	42519.0	20710.0	0.8325	3069.0	1.0
62	31215.0	20796.0	0.908	3027.0	1.0
63	31943.0	20128.0	0.8825	3000.0	1.0
64	32632.0	21536.0	0.9025	3175.0	1.0
65	54604.0	23853.0	0.802	3573.0	1.0
66	30693.0	19787.0	0.8875	3280.0	1.0
67	48248.0	22091.0	0.8175	3266.0	1.0
68	31012.0	20908.0	0.9	3115.0	1.0
69	41925.0	22011.0	0.8435	3169.0	1.0
70	88972.0	22830.0	0.723	3279.0	1.0
71	35820.0	22118.0	0.884	3416.0	1.0
72	31358.0	21334.0	0.9045	3033.0	1.0
73	43392.0	23307.0	0.8535	3513.0	1.0
74	61353.0	21715.0	0.7845	3117.0	1.0
75	40175.0	20240.0	0.8485	2882.0	1.0
76	33913.0	20271.0	0.87	3503.0	1.0
77	42476.0	21249.0	0.825	3589.0	1.0
78	39531.0	21889.0	0.8595	3304.0	1.0
79	31913.0	21557.0	0.9045	3143.0	1.0
80	137457.0	15345.0	0.579	3651.0	1.0
81	66662.0	22350.0	0.213	17026.0	0.849
82	123001.0	23848.0	0.6345	3545.0	1.0
83	30351.0	21641.0	0.917	3269.0	1.0
84	33218.0	20697.0	0.8855	3001.0	1.0
85	38032.0	19723.0	0.8425	3224.0	1.0
86	34171.0	21208.0	0.8885	3157.0	1.0
87	63936.0	21871.0	0.762	3353.0	1.0
88	46665.0	22629.0	0.828	3051.0	1.0
89	38803.0	21265.0	0.862	2917.0	1.0
90	36170.0	22342.0	0.8825	3226.0	1.0
91	36997.0	20557.0	0.86	3142.0	1.0
92	36003.0	21361.0	0.875	3182.0	1.0
93	60852.0	21765.0	0.785	3009.0	1.0
94	39668.0	23419.0	0.869	3620.0	1.0
95	37582.0	21080.0	0.868	2926.0	1.0
96	33324.0	19745.0	0.886	2909.0	1.0
97	40589.0	21081.0	0.8415	3591.0	1.0
98	72629.0	22593.0	0.7605	2988.0	1.0
99	42177.0	22374.0	0.851	3151.0	1.0
0	28951.0	20302.0	0.9175	3048.0	1.0
1	35661.0	20103.0	0.86	3228.0	1.0
2	33221.0	20404.0	0.8815	3101.0	1.0
3	78452.0	22270.0	0.7355	3092.0	1.0
4	38093.0	20619.0	0.8405	3499.0	1.0
5	71235.0	22806.0	0.759	3381.0	1.0
6	108644.0	25023.0	0.683	4551.0	1.0
7	54577.0	22225.0	0.806	2845.0	1.0
8	49020.0	20382.0	0.8035	3161.0	1.0
9	36075.0	21003.0	0.8745	3000.0	1.0
10	35785.0	21193.0	0.88	3086.0	1.0
11	34052.0	21704.0	0.887	3125.0	1.0
12	30911.0	21117.0	0.9055	3246.0	1.0
13	32883.0	20335.0	0.883	3181.0	1.0
14	45506.0	21776.0	0.829	3178.0	1.0
15	104765.0	23635.0	0.554	4212.0	1.0
16	126609.0	24612.0	0.68	3788.0	1.0
17	34285.0	20876.0	0.881	3017.0	1.0
18	38471.0	21560.0	0.866	3103.0	1.0
19	116512.0	23642.0	0.686	3577.0	1.0
20	74011.0	21481.0	0.748	2894.0	1.0
21	84117.0	22555.0	0.7285	3184.0	1.0
22	40229.0	23055.0	0.871	3771.0	1.0
23	38492.0	19969.0	0.845	3108.0	1.0
24	43052.0	20936.0	0.8405	3073.0	1.0
25	51102.0	22043.0	0.808	3019.0	1.0
26	35868.0	20180.0	0.8735	2813.0	1.0
27	33606.0	20890.0	0.884	3025.0	1.0
28	37792.0	23356.0	0.888	3157.0	1.0
29	35094.0	22359.0	0.892	3044.0	1.0
30	32755.0	20378.0	0.885	3210.0	1.0
31	50466.0	21979.0	0.803	3508.0	1.0
32	43712.0	21868.0	0.823	3188.0	1.0
33	95408.0	26745.0	0.7015	4786.0	1.0
34	82725.0	23953.0	0.742	3127.0	1.0
35	41841.0	21407.0	0.843	3229.0	1.0
36	43328.0	20371.0	0.8155	3433.0	1.0
37	37019.0	20095.0	0.8595	3087.0	1.0
38	32808.0	21370.0	0.9005	3101.0	1.0
39	60226.0	22102.0	0.7875	3081.0	1.0
40	80960.0	22527.0	0.746	2981.0	1.0
41	67653.0	23619.0	0.771	3099.0	1.0
42	34265.0	20422.0	0.8855	2865.0	1.0
43	33210.0	19646.0	0.875	3006.0	1.0
44	110832.0	22094.0	0.6865	3730.0	1.0
45	104247.0	26941.0	0.633	4633.0	1.0
46	66664.0	23436.0	0.777	2998.0	1.0
47	70717.0	24007.0	0.7565	3792.0	1.0
48	39426.0	22125.0	0.8525	3686.0	1.0
49	42639.0	19997.0	0.8315	2914.0	1.0
50	42717.0	20867.0	0.8335	3132.0	1.0
51	41748.0	20973.0	0.845	2914.0	1.0
52	100443.0	22957.0	0.5295	3533.0	1.0
53	33054.0	19259.0	0.866	3250.0	1.0
54	51651.0	23090.0	0.8165	3287.0	1.0
55	41231.0	20131.0	0.838	3029.0	1.0
56	37995.0	24163.0	0.8905	3651.0	1.0
57	46455.0	22336.0	0.836	2949.0	1.0
58	37179.0	22354.0	0.882	2879.0	1.0
59	128165.0	21122.0	0.6085	3628.0	1.0
60	30590.0	20647.0	0.909	3178.0	1.0
61	42281.0	20238.0	0.8385	2881.0	1.0
62	33352.0	22065.0	0.9055	3140.0	1.0
63	32783.0	20475.0	0.886	2982.0	1.0
64	30803.0	20418.0	0.905	3089.0	1.0
65	50338.0	23338.0	0.8145	3440.0	1.0
66	33771.0	20409.0	0.891	3052.0	1.0
67	44187.0	21691.0	0.8365	3322.0	1.0
68	30427.0	20712.0	0.9045	3071.0	1.0
69	39255.0	22333.0	0.8655	3417.0	1.0
70	101069.0	23389.0	0.72	3235.0	1.0
71	32088.0	22067.0	0.9045	3578.0	1.0
72	33643.0	21355.0	0.8975	2824.0	1.0
73	45929.0	24189.0	0.856	3472.0	1.0
74	65429.0	22002.0	0.77	2825.0	1.0
75	41630.0	21144.0	0.8445	3063.0	1.0
76	32365.0	20040.0	0.89	3144.0	1.0
77	46295.0	21868.0	0.815	3429.0	1.0
78	37919.0	21877.0	0.869	3195.0	1.0
79	31361.0	21615.0	0.9085	3166.0	1.0
80	147416.0	16284.0	0.589	3687.0	1.0
81	66422.0	16901.0	0.2085	12751.0	0.7595
82	119323.0	24295.0	0.6665	3544.0	1.0
83	29642.0	21476.0	0.9185	3253.0	1.0
84	36808.0	21776.0	0.8735	3237.0	1.0
85	37021.0	20100.0	0.852	2940.0	1.0
86	35971.0	21262.0	0.881	2994.0	1.0
87	77103.0	22839.0	0.7465	3544.0	1.0
88	45809.0	22256.0	0.83	3190.0	1.0
89	40724.0	21715.0	0.853	3098.0	1.0
90	37483.0	22156.0	0.882	3254.0	1.0
91	32916.0	20597.0	0.884	3296.0	1.0
92	33492.0	20526.0	0.888	3163.0	1.0
93	55013.0	21576.0	0.797	3084.0	1.0
94	40588.0	22551.0	0.8665	3412.0	1.0
95	41568.0	22318.0	0.863	3204.0	1.0
96	32292.0	19759.0	0.882	2913.0	1.0
97	41141.0	22439.0	0.8515	3379.0	1.0
98	76219.0	22521.0	0.746	2887.0	1.0
99	46027.0	21773.0	0.8285	3003.0	1.0
0	31015.0	21267.0	0.907	3028.0	1.0
1	33218.0	19353.0	0.869	3117.0	1.0
2	37765.0	21547.0	0.8645	3482.0	1.0
3	67933.0	23600.0	0.7785	3082.0	1.0
4	38885.0	21539.0	0.8545	3140.0	1.0
5	60802.0	21298.0	0.767	3394.0	1.0
6	93390.0	24049.0	0.7075	3719.0	1.0
7	53508.0	23369.0	0.811	3009.0	1.0
8	47841.0	19860.0	0.8085	3109.0	1.0
9	33970.0	21660.0	0.8945	3152.0	1.0
10	35630.0	21491.0	0.8815	3201.0	1.0
11	32689.0	20683.0	0.892	2905.0	1.0
12	32669.0	21432.0	0.8955	3054.0	1.0
13	35283.0	21124.0	0.8765	3134.0	1.0
14	49987.0	21832.0	0.8235	2750.0	1.0
15	97491.0	24607.0	0.514	4616.0	1.0
16	133089.0	24480.0	0.668	3541.0	1.0
17	36219.0	21429.0	0.8805	2898.0	1.0
18	35451.0	20204.0	0.8565	2958.0	1.0
19	90332.0	23869.0	0.708	3540.0	1.0
20	81057.0	20932.0	0.7305	2902.0	1.0
21	79425.0	22187.0	0.7345	2991.0	1.0
22	44452.0	23304.0	0.8515	3373.0	1.0
23	40338.0	20101.0	0.831	3079.0	1.0
24	40607.0	20322.0	0.835	3193.0	1.0
25	55250.0	21828.0	0.794	3134.0	1.0
26	36812.0	21134.0	0.872	2920.0	1.0
27	33630.0	21406.0	0.8945	2924.0	1.0
28	34793.0	22557.0	0.8965	3266.0	1.0
29	32914.0	21762.0	0.902	3360.0	1.0
30	31643.0	20917.0	0.9	3010.0	1.0
31	47464.0	20990.0	0.813	3311.0	1.0
32	45019.0	21924.0	0.8245	3327.0	1.0
33	103375.0	27178.0	0.6965	4636.0	1.0
34	94445.0	23003.0	0.7215	2867.0	1.0
35	47719.0	20898.0	0.812	3027.0	1.0
36	40872.0	21173.0	0.8415	3252.0	1.0
37	35773.0	20857.0	0.8645	3283.0	1.0
38	33152.0	21175.0	0.894	3172.0	1.0
39	62819.0	21934.0	0.774	3145.0	1.0
40	76530.0	22189.0	0.739	3119.0	1.0
41	63369.0	22547.0	0.778	2916.0	1.0
42	35446.0	19735.0	0.8545	3097.0	1.0
43	34282.0	19852.0	0.863	3245.0	1.0
44	109139.0	22709.0	0.6865	3626.0	1.0
45	105834.0	24939.0	0.6175	4128.0	1.0
46	59517.0	23362.0	0.7865	3078.0	1.0
47	73715.0	25606.0	0.761	3784.0	1.0
48	42051.0	22906.0	0.846	3387.0	1.0
49	46499.0	20969.0	0.823	3132.0	1.0
50	39334.0	19120.0	0.8285	2957.0	1.0
51	41112.0	20543.0	0.843	3214.0	1.0
52	99547.0	22732.0	0.5135	3648.0	1.0
53	31976.0	19829.0	0.889	3131.0	1.0
54	53318.0	22804.0	0.8185	2888.0	1.0
55	40017.0	20038.0	0.834	3142.0	1.0
56	33832.0	23057.0	0.905	3357.0	1.0
57	46359.0	22278.0	0.83	3632.0	1.0
58	37447.0	21674.0	0.873	2920.0	1.0
59	148461.0	19296.0	0.617	3856.0	1.0
60	29881.0	21104.0	0.91	3257.0	1.0
61	44274.0	21471.0	0.8295	3368.0	1.0
62	32673.0	21568.0	0.901	3029.0	1.0
63	33808.0	20737.0	0.885	2937.0	1.0
64	29606.0	20924.0	0.9155	3076.0	1.0
65	51495.0	23553.0	0.8065	3552.0	1.0
66	32927.0	21276.0	0.893	3379.0	1.0
67	43686.0	21531.0	0.836	3137.0	1.0
68	31850.0	21260.0	0.896	3169.0	1.0
69	38757.0	22137.0	0.8625	3453.0	1.0
70	97097.0	22108.0	0.703	3259.0	1.0
71	32846.0	21584.0	0.895	3488.0	1.0
72	33045.0	21001.0	0.8975	3091.0	1.0
73	48214.0	24329.0	0.8345	3761.0	1.0
74	63910.0	21915.0	0.7705	2991.0	1.0
75	37266.0	20469.0	0.856	3137.0	1.0
76	31724.0	20333.0	0.887	3026.0	1.0
77	41780.0	20822.0	0.8265	3393.0	1.0
78	36871.0	20118.0	0.856	3109.0	1.0
79	31120.0	21335.0	0.9075	3159.0	1.0
80	141363.0	15510.0	0.5905	3606.0	1.0
81	66470.0	18438.0	0.2145	14422.0	0.8365
82	131496.0	24165.0	0.65	3711.0	1.0
83	29818.0	21792.0	0.9215	3350.0	1.0
84	35507.0	21553.0	0.877	3380.0	1.0
85	32563.0	18915.0	0.87	3080.0	1.0
86	37370.0	21697.0	0.874	3348.0	1.0
87	61663.0	21787.0	0.7755	3262.0	1.0
88	49251.0	22602.0	0.816	3252.0	1.0
89	38125.0	21358.0	0.8615	2965.0	1.0
90	39297.0	22514.0	0.8635	3112.0	1.0
91	35938.0	20389.0	0.867	3117.0	1.0
92	34751.0	22052.0	0.8955	3033.0	1.0
93	57306.0	21659.0	0.791	3088.0	1.0
94	40962.0	23136.0	0.8555	3927.0	1.0
95	41036.0	22126.0	0.857	2618.0	1.0
96	34877.0	20593.0	0.8705	3015.0	1.0
97	42968.0	22180.0	0.8475	3139.0	1.0
98	67497.0	20902.0	0.758	2684.0	1.0
99	45761.0	21741.0	0.828	3047.0	1.0
0	31386.0	20583.0	0.8975	3224.0	1.0
1	30850.0	19381.0	0.8805	3389.0	1.0
2	36178.0	21246.0	0.8735	3310.0	1.0
3	75026.0	22407.0	0.748	3201.0	1.0
4	39214.0	20416.0	0.838	3098.0	1.0
5	75854.0	23243.0	0.754	3712.0	1.0
6	102365.0	25409.0	0.7065	3728.0	1.0
7	56314.0	23168.0	0.814	2854.0	1.0
8	48059.0	21249.0	0.811	3328.0	1.0
9	34645.0	21965.0	0.899	2859.0	1.0
10	34378.0	21392.0	0.8915	3262.0	1.0
11	33173.0	21818.0	0.896	2951.0	1.0
12	33710.0	21707.0	0.897	2993.0	1.0
13	33805.0	20843.0	0.8905	2963.0	1.0
14	51252.0	22018.0	0.811	3029.0	1.0
15	95226.0	23973.0	0.5225	4683.0	0.99
16	121616.0	24976.0	0.665	4195.0	1.0
17	33407.0	21206.0	0.9005	2868.0	1.0
18	38030.0	21370.0	0.8635	2893.0	1.0
19	94807.0	24661.0	0.7075	3619.0	1.0
20	72973.0	21520.0	0.7515	3113.0	1.0
21	98108.0	22828.0	0.699	3274.0	1.0
22	41742.0	23581.0	0.859	3483.0	1.0
23	39760.0	20796.0	0.8445	2987.0	1.0
24	42654.0	20902.0	0.834	3334.0	1.0
25	54302.0	21813.0	0.8045	2971.0	1.0
26	38522.0	21205.0	0.862	2912.0	1.0
27	36350.0	21461.0	0.8825	2908.0	1.0
28	36606.0	23383.0	0.889	3564.0	1.0
29	32610.0	21156.0	0.901	3201.0	1.0
30	33311.0	20626.0	0.887	3123.0	1.0
31	48205.0	22202.0	0.8275	3155.0	1.0
32	43954.0	21794.0	0.8305	3419.0	1.0
33	95964.0	26800.0	0.7045	4996.0	1.0
34	88912.0	22713.0	0.7275	3077.0	1.0
35	44914.0	21866.0	0.825	3332.0	1.0
36	42796.0	20601.0	0.833	3268.0	1.0
37	36744.0	20179.0	0.849	3035.0	1.0
38	32285.0	20857.0	0.8915	2977.0	1.0
39	53840.0	21639.0	0.8	3402.0	1.0
40	78562.0	21638.0	0.734	2907.0	1.0
41	60822.0	21491.0	0.7735	2847.0	1.0
42	39698.0	20577.0	0.8555	2840.0	1.0
43	34877.0	19955.0	0.8735	2807.0	1.0
44	115208.0	23486.0	0.6925	3595.0	1.0
45	101836.0	26595.0	0.6105	3884.0	1.0
46	52652.0	21482.0	0.7955	3115.0	1.0
47	73192.0	23593.0	0.7515	3729.0	1.0
48	41096.0	22972.0	0.863	3502.0	1.0
49	43179.0	20492.0	0.8245	3045.0	1.0
50	39267.0	20359.0	0.8475	2903.0	1.0
51	41960.0	20291.0	0.8355	2821.0	1.0
52	102539.0	21669.0	0.4995	3851.0	0.999
53	33162.0	20986.0	0.8875	3127.0	1.0
54	49013.0	22226.0	0.822	3030.0	1.0
55	44137.0	21213.0	0.829	3064.0	1.0
56	34818.0	22876.0	0.9005	3307.0	1.0
57	45038.0	21375.0	0.827	2909.0	1.0
58	38590.0	22309.0	0.877	2985.0	1.0
59	134437.0	20627.0	0.6095	4030.0	1.0
60	29265.0	20120.0	0.9105	3194.0	1.0
61	43550.0	21536.0	0.8325	3259.0	1.0
62	31296.0	21457.0	0.909	3196.0	1.0
63	33682.0	20005.0	0.87	3162.0	1.0
64	32290.0	21227.0	0.903	3093.0	1.0
65	54718.0	23826.0	0.8005	3606.0	1.0
66	33767.0	21543.0	0.893	3275.0	1.0
67	46291.0	22176.0	0.825	3413.0	1.0
68	32713.0	21237.0	0.894	3128.0	1.0
69	39442.0	22600.0	0.868	3107.0	1.0
70	112730.0	22199.0	0.697	2965.0	1.0
71	32156.0	21015.0	0.8925	3358.0	1.0
72	35639.0	22454.0	0.8905	3181.0	1.0
73	48530.0	25291.0	0.848	3422.0	1.0
74	55036.0	21503.0	0.804	2982.0	1.0
75	39896.0	20680.0	0.851	2734.0	1.0
76	32273.0	20421.0	0.88	3300.0	1.0
77	44722.0	20929.0	0.816	3329.0	1.0
78	36840.0	21299.0	0.8645	3316.0	1.0
79	31222.0	21136.0	0.8995	3146.0	1.0
80	152863.0	16866.0	0.5925	3499.0	1.0
81	66431.0	18564.0	0.2505	13838.0	0.852
82	112721.0	24801.0	0.6295	3688.0	1.0
83	30592.0	21914.0	0.9245	3181.0	1.0
84	37041.0	22457.0	0.877	3288.0	1.0
85	32307.0	18451.0	0.865	3175.0	1.0
86	34569.0	20542.0	0.8745	3105.0	1.0
87	72693.0	22669.0	0.7505	3761.0	1.0
88	50890.0	22870.0	0.8095	3307.0	1.0
89	36194.0	21535.0	0.8675	2989.0	1.0
90	37104.0	23121.0	0.8905	3188.0	1.0
91	35192.0	20668.0	0.8645	3569.0	1.0
92	34020.0	20590.0	0.8735	3350.0	1.0
93	56281.0	21289.0	0.798	3039.0	1.0
94	42607.0	23012.0	0.848	3913.0	1.0
95	37198.0	22242.0	0.874	3005.0	1.0
96	32640.0	20182.0	0.8815	3181.0	1.0
97	43628.0	22425.0	0.837	3340.0	1.0
98	74017.0	21682.0	0.7615	3050.0	1.0
99	46533.0	21098.0	0.831	2711.0	1.0
0	32738.0	22165.0	0.9165	3009.0	1.0
1	33942.0	19172.0	0.8635	3025.0	1.0
2	38715.0	21599.0	0.8635	3238.0	1.0
3	71161.0	23064.0	0.754	2970.0	1.0
4	37233.0	20302.0	0.8595	3337.0	1.0
5	68041.0	22022.0	0.7555	3592.0	1.0
6	98494.0	25501.0	0.7055	3654.0	1.0
7	57630.0	22235.0	0.7945	3079.0	1.0
8	50130.0	20749.0	0.807	3112.0	1.0
9	34319.0	21673.0	0.8885	3046.0	1.0
10	34052.0	20493.0	0.8815	3073.0	1.0
11	33971.0	21219.0	0.8935	2945.0	1.0
12	29447.0	20116.0	0.9005	3275.0	1.0
13	30204.0	19704.0	0.89	3059.0	1.0
14	45728.0	21577.0	0.828	3078.0	1.0
15	95026.0	24891.0	0.5385	4645.0	1.0
16	126620.0	23928.0	0.6575	3845.0	1.0
17	34628.0	21450.0	0.885	3056.0	1.0
18	36505.0	21087.0	0.8615	2888.0	1.0
19	88881.0	24608.0	0.732	3392.0	1.0
20	79610.0	22086.0	0.739	2829.0	1.0
21	78583.0	22550.0	0.743	2954.0	1.0
22	42197.0	23805.0	0.865	3779.0	1.0
23	37478.0	20600.0	0.86	2944.0	1.0
24	46998.0	21877.0	0.8375	2836.0	1.0
25	52965.0	21388.0	0.8015	3114.0	1.0
26	35330.0	21464.0	0.8745	3301.0	1.0
27	33971.0	20544.0	0.8835	3106.0	1.0
28	36014.0	23252.0	0.8935	3348.0	1.0
29	32730.0	21668.0	0.903	3153.0	1.0
30	31162.0	20241.0	0.8925	2973.0	1.0
31	54901.0	21786.0	0.791	3425.0	1.0
32	46679.0	21735.0	0.8165	3295.0	1.0
33	94215.0	27476.0	0.704	4705.0	1.0
34	89806.0	22677.0	0.723	3133.0	1.0
35	48924.0	21117.0	0.8145	2938.0	1.0
36	47050.0	20752.0	0.812	3275.0	1.0
37	35621.0	20933.0	0.8655	3033.0	1.0
38	34017.0	21188.0	0.891	3083.0	1.0
39	52587.0	22223.0	0.805	3157.0	1.0
40	77139.0	24086.0	0.755	3106.0	1.0
41	64561.0	22038.0	0.765	2794.0	1.0
42	32362.0	20269.0	0.878	3322.0	1.0
43	33018.0	19975.0	0.879	3033.0	1.0
44	122879.0	24062.0	0.676	3486.0	1.0
45	105893.0	25235.0	0.6075	3921.0	1.0
46	65105.0	22624.0	0.7865	2770.0	1.0
47	65851.0	24358.0	0.773	3728.0	1.0
48	44973.0	22422.0	0.84	3266.0	1.0
49	43507.0	20628.0	0.821	3228.0	1.0
50	39227.0	19233.0	0.834	2929.0	1.0
51	41712.0	20638.0	0.837	3018.0	1.0
52	99979.0	21880.0	0.5165	3565.0	0.997
53	30243.0	19393.0	0.885	3132.0	1.0
54	53332.0	22488.0	0.8075	3085.0	1.0
55	38793.0	19693.0	0.833	3261.0	1.0
56	32765.0	22900.0	0.9155	3392.0	1.0
57	43678.0	20467.0	0.8305	3050.0	1.0
58	35738.0	21348.0	0.875	3118.0	1.0
59	132739.0	21027.0	0.6215	3814.0	1.0
60	29982.0	21569.0	0.9155	3237.0	1.0
61	42758.0	20222.0	0.8265	3274.0	1.0
62	34542.0	23041.0	0.905	2976.0	1.0
63	34299.0	19912.0	0.87	2904.0	1.0
64	30910.0	20865.0	0.9075	3317.0	1.0
65	51572.0	23050.0	0.807	3647.0	1.0
66	32259.0	20849.0	0.899	2959.0	1.0
67	47404.0	21851.0	0.8215	3172.0	1.0
68	31241.0	20833.0	0.8975	3039.0	1.0
69	36822.0	21832.0	0.8675	3338.0	1.0
70	107563.0	22064.0	0.6995	3088.0	1.0
71	35365.0	22612.0	0.9005	3561.0	1.0
72	32837.0	21595.0	0.9015	3133.0	1.0
73	48857.0	23839.0	0.8425	3454.0	1.0
74	48576.0	21231.0	0.8125	2881.0	1.0
75	38509.0	20922.0	0.8525	3114.0	1.0
76	31898.0	19467.0	0.882	3016.0	1.0
77	46542.0	22438.0	0.824	3325.0	1.0
78	36990.0	21103.0	0.8685	3047.0	1.0
79	32817.0	21624.0	0.8975	2990.0	1.0
80	150344.0	15754.0	0.592	3554.0	1.0
81	66602.0	19328.0	0.206	16257.0	0.821
82	132168.0	23375.0	0.6675	3216.0	1.0
83	30597.0	21849.0	0.922	3250.0	1.0
84	37822.0	22111.0	0.8695	3485.0	1.0
85	36548.0	19911.0	0.8515	3179.0	1.0
86	33168.0	21390.0	0.8945	3430.0	1.0
87	71182.0	22090.0	0.761	3314.0	1.0
88	49081.0	22281.0	0.8195	3188.0	1.0
89	38884.0	21814.0	0.864	3333.0	1.0
90	37168.0	22270.0	0.879	3330.0	1.0
91	34384.0	19902.0	0.862	3256.0	1.0
92	37911.0	22174.0	0.872	3144.0	1.0
93	56949.0	22206.0	0.79	3038.0	1.0
94	41209.0	23632.0	0.865	3725.0	1.0
95	38469.0	21264.0	0.8585	2934.0	1.0
96	35182.0	20366.0	0.872	3003.0	1.0
97	44563.0	22252.0	0.8405	3593.0	1.0
98	78925.0	22200.0	0.7425	2863.0	1.0
99	38172.0	20994.0	0.856	2861.0	1.0
0	29229.0	21014.0	0.9175	3164.0	1.0
1	32992.0	19513.0	0.867	2931.0	1.0
2	35974.0	21311.0	0.8675	3291.0	1.0
3	72788.0	21950.0	0.751	3169.0	1.0
4	42244.0	21325.0	0.843	3209.0	1.0
5	65942.0	22879.0	0.773	3479.0	1.0
6	104469.0	25381.0	0.707	3667.0	1.0
7	62386.0	24032.0	0.7925	2863.0	1.0
8	48891.0	21001.0	0.806	3299.0	1.0
9	30641.0	21164.0	0.9105	3156.0	1.0
10	35519.0	21964.0	0.888	3264.0	1.0
11	34210.0	21518.0	0.8885	2965.0	1.0
12	32532.0	20636.0	0.8865	2970.0	1.0
13	35117.0	20893.0	0.8835	2899.0	1.0
14	44748.0	20817.0	0.829	2782.0	1.0
15	103275.0	23981.0	0.551	3910.0	0.9995
16	117839.0	25619.0	0.647	3872.0	1.0
17	34610.0	21596.0	0.8895	2986.0	1.0
18	37013.0	20429.0	0.861	2828.0	1.0
19	111575.0	24355.0	0.6845	3738.0	1.0
20	71458.0	21313.0	0.7545	3056.0	1.0
21	82305.0	21743.0	0.7335	2927.0	1.0
22	43048.0	23856.0	0.87	3176.0	1.0
23	37055.0	20501.0	0.861	3045.0	1.0
24	43697.0	19878.0	0.8245	3191.0	1.0
25	58831.0	22251.0	0.7915	3025.0	1.0
26	33307.0	20804.0	0.8865	3135.0	1.0
27	38273.0	21648.0	0.8625	3051.0	1.0
28	35343.0	22696.0	0.8905	3319.0	1.0
29	33458.0	21783.0	0.898	3321.0	1.0
30	30744.0	19206.0	0.882	2944.0	1.0
31	48741.0	21459.0	0.816	3257.0	1.0
32	43275.0	21282.0	0.828	3345.0	1.0
33	95051.0	27677.0	0.7135	4462.0	1.0
34	82381.0	22958.0	0.7325	3421.0	1.0
35	45390.0	22166.0	0.839	2762.0	1.0
36	49310.0	21332.0	0.815	3161.0	1.0
37	33810.0	20210.0	0.8755	2802.0	1.0
38	31769.0	19968.0	0.8895	3119.0	1.0
39	56935.0	21558.0	0.7815	3675.0	1.0
40	91805.0	22525.0	0.7215	2889.0	1.0
41	67356.0	22725.0	0.7585	3257.0	1.0
42	31767.0	19506.0	0.878	2993.0	1.0
43	33833.0	19959.0	0.8705	2893.0	1.0
44	117278.0	23343.0	0.69	3454.0	1.0
45	107040.0	25205.0	0.595	4428.0	1.0
46	53572.0	22737.0	0.8035	3090.0	1.0
47	62360.0	23534.0	0.7755	3756.0	1.0
48	45208.0	23413.0	0.847	3613.0	1.0
49	44286.0	19795.0	0.8185	2992.0	1.0
50	44780.0	19554.0	0.8125	2978.0	1.0
51	36934.0	20187.0	0.86	3307.0	1.0
52	94655.0	21753.0	0.481	3864.0	1.0
53	30380.0	19476.0	0.8825	3119.0	1.0
54	49284.0	23386.0	0.826	3052.0	1.0
55	42716.0	21295.0	0.8425	3038.0	1.0
56	34875.0	22377.0	0.8975	3231.0	1.0
57	51968.0	21400.0	0.815	2646.0	1.0
58	42083.0	22922.0	0.862	2987.0	1.0
59	138421.0	20467.0	0.631	4182.0	1.0
60	29682.0	20870.0	0.914	3033.0	1.0
61	42825.0	21122.0	0.8335	3101.0	1.0
62	29240.0	20157.0	0.909	3073.0	1.0
63	33324.0	21313.0	0.8825	3313.0	1.0
64	31104.0	21368.0	0.916	2900.0	1.0
65	54039.0	23337.0	0.7975	3720.0	1.0
66	32115.0	20877.0	0.897	3031.0	1.0
67	47438.0	22358.0	0.8305	3217.0	1.0
68	30001.0	20770.0	0.909	3086.0	1.0
69	37023.0	21728.0	0.8705	3132.0	1.0
70	102670.0	24308.0	0.699	3199.0	1.0
71	32877.0	21645.0	0.8935	3481.0	1.0
72	33918.0	22200.0	0.899	3269.0	1.0
73	42934.0	23156.0	0.855	3435.0	1.0
74	61082.0	21974.0	0.7745	3033.0	1.0
75	39996.0	21040.0	0.8575	3073.0	1.0
76	34834.0	19924.0	0.8655	3179.0	1.0
77	46038.0	21280.0	0.8075	3347.0	1.0
78	34703.0	20683.0	0.87	3073.0	1.0
79	31568.0	21661.0	0.9175	2992.0	1.0
80	140352.0	17173.0	0.5935	3866.0	1.0
81	66497.0	22142.0	0.2395	17236.0	0.843
82	129578.0	23167.0	0.655	3171.0	1.0
83	30210.0	21208.0	0.9165	3222.0	1.0
84	39173.0	21602.0	0.8655	3098.0	1.0
85	40928.0	20298.0	0.84	3021.0	1.0
86	36983.0	21374.0	0.8685	3223.0	1.0
87	69554.0	22862.0	0.7625	3443.0	1.0
88	48630.0	22071.0	0.825	3119.0	1.0
89	39954.0	21208.0	0.85	3012.0	1.0
90	33842.0	22044.0	0.897	3317.0	1.0
91	36706.0	21246.0	0.87	3146.0	1.0
92	35712.0	21008.0	0.876	2990.0	1.0
93	57795.0	21714.0	0.796	3107.0	1.0
94	39469.0	22413.0	0.8575	3843.0	1.0
95	39430.0	21247.0	0.8535	3116.0	1.0
96	34287.0	20927.0	0.8785	3263.0	1.0
97	40427.0	22035.0	0.8515	3488.0	1.0
98	71254.0	23170.0	0.773	3043.0	1.0
99	46986.0	22282.0	0.827	3108.0	1.0
0	29659.0	20939.0	0.9225	2765.0	1.0
1	35489.0	19588.0	0.851	3230.0	1.0
2	40255.0	22043.0	0.863	3102.0	1.0
3	72452.0	23033.0	0.755	3229.0	1.0
4	38728.0	20541.0	0.8395	3061.0	1.0
5	71097.0	21631.0	0.7545	3236.0	1.0
6	106228.0	25729.0	0.699	3783.0	1.0
7	56909.0	22373.0	0.804	2790.0	1.0
8	45501.0	19882.0	0.813	3131.0	1.0
9	33927.0	20407.0	0.88	3102.0	1.0
10	34905.0	21186.0	0.883	2990.0	1.0
11	32603.0	21630.0	0.907	2868.0	1.0
12	30499.0	20627.0	0.9005	3009.0	1.0
13	34004.0	21368.0	0.8865	3131.0	1.0
14	55796.0	23510.0	0.7995	3039.0	1.0
15	97736.0	25221.0	0.544	4636.0	0.995
16	133434.0	23748.0	0.6735	3539.0	1.0
17	38572.0	21921.0	0.8655	3311.0	1.0
18	35474.0	19972.0	0.8595	2978.0	1.0
19	115772.0	24269.0	0.6705	3736.0	1.0
20	91508.0	22404.0	0.727	2919.0	1.0
21	85914.0	22860.0	0.731	3143.0	1.0
22	41900.0	22937.0	0.864	3305.0	1.0
23	37939.0	20533.0	0.853	3015.0	1.0
24	38316.0	20288.0	0.8385	3380.0	1.0
25	52350.0	21464.0	0.805	2985.0	1.0
26	36268.0	20817.0	0.8655	3052.0	1.0
27	35384.0	21919.0	0.8885	3458.0	1.0
28	37381.0	22733.0	0.8825	3412.0	1.0
29	32606.0	21489.0	0.8985	3065.0	1.0
30	31792.0	20005.0	0.888	2998.0	1.0
31	49929.0	22343.0	0.8095	3022.0	1.0
32	42776.0	22110.0	0.854	3193.0	1.0
33	99188.0	26044.0	0.6935	5098.0	1.0
34	76499.0	21809.0	0.7435	2904.0	1.0
35	46696.0	21144.0	0.8145	3138.0	1.0
36	45292.0	21385.0	0.8155	3380.0	1.0
37	30536.0	19144.0	0.8795	3021.0	1.0
38	32973.0	21581.0	0.8985	3159.0	1.0
39	52094.0	21381.0	0.807	3061.0	1.0
40	92538.0	23637.0	0.7185	3033.0	1.0
41	73080.0	22348.0	0.7615	2864.0	1.0
42	34249.0	19968.0	0.864	3015.0	1.0
43	34627.0	19627.0	0.866	3258.0	1.0
44	125329.0	23313.0	0.684	3401.0	1.0
45	124470.0	24286.0	0.635	3982.0	1.0
46	54750.0	22156.0	0.8025	2900.0	1.0
47	63133.0	25176.0	0.7755	4356.0	1.0
48	40653.0	22486.0	0.8585	3363.0	1.0
49	45570.0	20154.0	0.816	3044.0	1.0
50	41901.0	20851.0	0.8375	3368.0	1.0
51	41281.0	21241.0	0.848	2891.0	1.0
52	100494.0	21301.0	0.4825	4127.0	0.9995
53	30267.0	18860.0	0.883	2976.0	1.0
54	49421.0	22434.0	0.827	2893.0	1.0
55	41249.0	20917.0	0.838	3117.0	1.0
56	36323.0	22683.0	0.8975	3033.0	1.0
57	42078.0	20996.0	0.8425	3020.0	1.0
58	39749.0	22427.0	0.8695	3201.0	1.0
59	127305.0	22352.0	0.6235	4332.0	1.0
60	30881.0	20767.0	0.9045	3193.0	1.0
61	41932.0	20294.0	0.835	3181.0	1.0
62	29968.0	21215.0	0.9185	2941.0	1.0
63	33900.0	20475.0	0.8745	3445.0	1.0
64	31764.0	21174.0	0.9125	3117.0	1.0
65	57907.0	24300.0	0.783	3869.0	1.0
66	32639.0	20807.0	0.8925	3004.0	1.0
67	45727.0	22057.0	0.8385	3106.0	1.0
68	31405.0	21156.0	0.898	3173.0	1.0
69	40192.0	22071.0	0.86	3053.0	1.0
70	96383.0	21513.0	0.715	3030.0	1.0
71	33910.0	21936.0	0.8875	3435.0	1.0
72	32895.0	21662.0	0.8995	3058.0	1.0
73	46066.0	23712.0	0.852	3284.0	1.0
74	59562.0	23102.0	0.7975	3114.0	1.0
75	38468.0	20736.0	0.86	2937.0	1.0
76	30705.0	19745.0	0.884	3099.0	1.0
77	45163.0	22029.0	0.824	3536.0	1.0
78	35562.0	20866.0	0.869	3062.0	1.0
79	34310.0	22219.0	0.8955	3150.0	1.0
80	146423.0	15974.0	0.5675	3459.0	1.0
81	66747.0	20810.0	0.212	18305.0	0.8355
82	122472.0	24079.0	0.659	3514.0	1.0
83	32621.0	23119.0	0.9205	3552.0	1.0
84	38428.0	22375.0	0.867	3339.0	1.0
85	40345.0	20005.0	0.8415	3129.0	1.0
86	35936.0	21387.0	0.8805	2922.0	1.0
87	63856.0	21650.0	0.771	3029.0	1.0
88	47675.0	22894.0	0.8375	2957.0	1.0
89	40276.0	22317.0	0.865	3117.0	1.0
90	38790.0	22910.0	0.8795	3123.0	1.0
91	40860.0	21881.0	0.851	3217.0	1.0
92	35285.0	21253.0	0.8715	3319.0	1.0
93	51341.0	20776.0	0.798	2978.0	1.0
94	42790.0	23598.0	0.8545	3760.0	1.0
95	36542.0	20835.0	0.8645	3136.0	1.0
96	34687.0	21139.0	0.885	2965.0	1.0
97	41510.0	21568.0	0.832	3966.0	1.0
98	89512.0	22503.0	0.72	3050.0	1.0
99	43082.0	21432.0	0.835	3024.0	1.0
0	34055.0	21956.0	0.902	3187.0	1.0
1	33082.0	19481.0	0.8705	3082.0	1.0
2	35875.0	20377.0	0.8665	3102.0	1.0
3	82594.0	21056.0	0.7235	3303.0	1.0
4	38467.0	20706.0	0.8515	3082.0	1.0
5	65750.0	22423.0	0.7675	3588.0	1.0
6	106577.0	26392.0	0.7	3706.0	1.0
7	53107.0	22930.0	0.809	3114.0	1.0
8	48374.0	21121.0	0.81	3071.0	1.0
9	34694.0	21328.0	0.8825	3166.0	1.0
10	32974.0	21376.0	0.8915	3116.0	1.0
11	32852.0	20398.0	0.885	3069.0	1.0
12	33906.0	21071.0	0.8885	3262.0	1.0
13	34666.0	21470.0	0.89	2900.0	1.0
14	51147.0	21929.0	0.811	2827.0	1.0
15	100330.0	24771.0	0.5515	4192.0	0.9995
16	130026.0	24149.0	0.6615	3678.0	1.0
17	32749.0	21430.0	0.8965	3167.0	1.0
18	38542.0	21480.0	0.8555	3158.0	1.0
19	115429.0	23285.0	0.68	3766.0	1.0
20	74679.0	21689.0	0.757	2958.0	1.0
21	80943.0	22581.0	0.7425	2702.0	1.0
22	40420.0	23710.0	0.864	3626.0	1.0
23	35824.0	20513.0	0.8615	3097.0	1.0
24	41448.0	20979.0	0.839	3237.0	1.0
25	49271.0	22134.0	0.8225	2860.0	1.0
26	34408.0	21138.0	0.8765	3334.0	1.0
27	35322.0	21519.0	0.887	3111.0	1.0
28	36023.0	22113.0	0.8865	3178.0	1.0
29	34781.0	22388.0	0.896	3269.0	1.0
30	33856.0	21254.0	0.888	3211.0	1.0
31	47364.0	22215.0	0.8235	3247.0	1.0
32	42149.0	21920.0	0.837	3469.0	1.0
33	86044.0	26447.0	0.7125	5058.0	1.0
34	87157.0	23059.0	0.729	2987.0	1.0
35	48009.0	22636.0	0.8325	2860.0	1.0
36	44821.0	20364.0	0.819	3224.0	1.0
37	36787.0	19968.0	0.858	2998.0	1.0
38	32351.0	20806.0	0.8945	3072.0	1.0
39	54031.0	22721.0	0.796	3430.0	1.0
40	78107.0	21391.0	0.7375	2879.0	1.0
41	63189.0	21954.0	0.7745	3051.0	1.0
42	37139.0	21028.0	0.8655	2870.0	1.0
43	34255.0	19594.0	0.865	3151.0	1.0
44	123609.0	23690.0	0.678	3833.0	1.0
45	102041.0	25272.0	0.6035	4990.0	1.0
46	59848.0	22260.0	0.777	3074.0	1.0
47	64356.0	23542.0	0.771	3831.0	1.0
48	41627.0	22650.0	0.8555	3263.0	1.0
49	40625.0	20811.0	0.8365	3234.0	1.0
50	37167.0	19454.0	0.851	3048.0	1.0
51	36742.0	20151.0	0.856	3058.0	1.0
52	102999.0	20646.0	0.5025	3771.0	1.0
53	33103.0	20112.0	0.873	3056.0	1.0
54	56153.0	23647.0	0.805	3022.0	1.0
55	41596.0	20255.0	0.834	3186.0	1.0
56	34007.0	22931.0	0.91	3305.0	1.0
57	40949.0	20459.0	0.8445	2916.0	1.0
58	38515.0	22723.0	0.874	3057.0	1.0
59	123003.0	21837.0	0.596	4236.0	1.0
60	30581.0	20796.0	0.9045	3178.0	1.0
61	45014.0	20464.0	0.8145	3272.0	1.0
62	31290.0	21632.0	0.913	3123.0	1.0
63	35179.0	20336.0	0.8615	2932.0	1.0
64	31555.0	20787.0	0.9045	2988.0	1.0
65	54202.0	23943.0	0.8035	3823.0	1.0
66	34180.0	21457.0	0.8865	3327.0	1.0
67	43287.0	20699.0	0.8215	3125.0	1.0
68	31791.0	20843.0	0.8985	3019.0	1.0
69	42527.0	21460.0	0.8475	3034.0	1.0
70	90180.0	22971.0	0.7165	3893.0	1.0
71	33881.0	22637.0	0.902	3678.0	1.0
72	34581.0	22125.0	0.8965	2956.0	1.0
73	48490.0	24230.0	0.8415	3659.0	1.0
74	56311.0	20905.0	0.7815	2896.0	1.0
75	38712.0	21202.0	0.859	2891.0	1.0
76	34059.0	20313.0	0.8715	3426.0	1.0
77	46370.0	21957.0	0.8225	3472.0	1.0
78	35940.0	21614.0	0.87	3191.0	1.0
79	33472.0	21527.0	0.9015	3151.0	1.0
80	147021.0	15984.0	0.5805	3667.0	1.0
81	66476.0	19350.0	0.2235	13760.0	0.8045
82	131182.0	23780.0	0.654	3041.0	1.0
83	32229.0	21786.0	0.9095	3048.0	1.0
84	36218.0	21758.0	0.8755	3332.0	1.0
85	36566.0	19858.0	0.853	2954.0	1.0
86	33878.0	20423.0	0.87	3054.0	1.0
87	67794.0	23188.0	0.7685	3466.0	1.0
88	55440.0	23791.0	0.812	3248.0	1.0
89	42498.0	22186.0	0.8485	3032.0	1.0
90	37895.0	23143.0	0.8795	2960.0	1.0
91	39176.0	21439.0	0.8565	3209.0	1.0
92	35147.0	20770.0	0.8805	3020.0	1.0
93	54088.0	21674.0	0.789	3117.0	1.0
94	38688.0	22569.0	0.865	3744.0	1.0
95	38976.0	21444.0	0.8625	3167.0	1.0
96	32429.0	20623.0	0.8905	3332.0	1.0
97	41677.0	22258.0	0.8475	3362.0	1.0
98	79386.0	21209.0	0.7345	3041.0	1.0
99	43343.0	21989.0	0.847	3027.0	1.0
0	30197.0	21205.0	0.917	2940.0	1.0
1	34962.0	20409.0	0.866	3127.0	1.0
2	36384.0	21000.0	0.8735	2964.0	1.0
3	78337.0	23594.0	0.751	3048.0	1.0
4	40258.0	20731.0	0.842	3298.0	1.0
5	67582.0	22882.0	0.761	3518.0	1.0
6	106492.0	22908.0	0.6905	3714.0	1.0
7	56916.0	23736.0	0.7965	2932.0	1.0
8	50407.0	20952.0	0.8035	3302.0	1.0
9	33517.0	21409.0	0.8905	3141.0	1.0
10	35913.0	21538.0	0.881	3028.0	1.0
11	31433.0	20667.0	0.9025	3021.0	1.0
12	33160.0	21744.0	0.9035	2886.0	1.0
13	33289.0	21015.0	0.886	3265.0	1.0
14	58291.0	22499.0	0.794	3132.0	1.0
15	105892.0	23978.0	0.563	4287.0	0.998
16	129900.0	23526.0	0.671	3592.0	1.0
17	34488.0	20978.0	0.884	3056.0	1.0
18	37928.0	21239.0	0.8595	2863.0	1.0
19	96406.0	22936.0	0.694	3713.0	1.0
20	84407.0	22318.0	0.731	3028.0	1.0
21	83614.0	21999.0	0.7255	3235.0	1.0
22	41958.0	23340.0	0.8585	3667.0	1.0
23	38106.0	20811.0	0.8595	3101.0	1.0
24	41337.0	19566.0	0.824	2920.0	1.0
25	56042.0	22246.0	0.796	2938.0	1.0
26	35416.0	20645.0	0.865	3106.0	1.0
27	35061.0	21911.0	0.883	3115.0	1.0
28	33226.0	21813.0	0.898	3472.0	1.0
29	34701.0	21600.0	0.8955	3242.0	1.0
30	31929.0	20382.0	0.887	3068.0	1.0
31	48794.0	21428.0	0.8205	3163.0	1.0
32	46426.0	22320.0	0.825	3320.0	1.0
33	101149.0	26722.0	0.6875	4722.0	1.0
34	84849.0	23171.0	0.7285	3192.0	1.0
35	47631.0	21993.0	0.82	2944.0	1.0
36	43526.0	21341.0	0.834	3184.0	1.0
37	36009.0	20540.0	0.866	3240.0	1.0
38	30793.0	20919.0	0.9105	2897.0	1.0
39	55722.0	21596.0	0.7855	3340.0	1.0
40	83213.0	22557.0	0.723	3161.0	1.0
41	70979.0	21517.0	0.748	2960.0	1.0
42	33977.0	19635.0	0.8625	2871.0	1.0
43	30929.0	18939.0	0.8845	2956.0	1.0
44	138514.0	23832.0	0.6665	3355.0	1.0
45	107653.0	24001.0	0.5925	4173.0	1.0
46	59396.0	23574.0	0.7905	2999.0	1.0
47	65003.0	24322.0	0.766	3752.0	1.0
48	41288.0	22775.0	0.8555	3549.0	1.0
49	46633.0	21646.0	0.824	3125.0	1.0
50	37582.0	20051.0	0.8505	2861.0	1.0
51	39551.0	20396.0	0.851	3031.0	1.0
52	93079.0	21166.0	0.485	4368.0	0.999
53	31275.0	19215.0	0.8795	3106.0	1.0
54	49753.0	22797.0	0.825	2943.0	1.0
55	43999.0	20062.0	0.8145	2892.0	1.0
56	35212.0	23453.0	0.902	3419.0	1.0
57	42511.0	20754.0	0.836	3029.0	1.0
58	36154.0	21321.0	0.883	3083.0	1.0
59	132094.0	21219.0	0.623	3997.0	1.0
60	29291.0	20268.0	0.908	3115.0	1.0
61	46414.0	21382.0	0.8245	2812.0	1.0
62	30686.0	21040.0	0.9105	2840.0	1.0
63	33098.0	20358.0	0.88	2949.0	1.0
64	30220.0	21437.0	0.922	3158.0	1.0
65	54967.0	24121.0	0.7975	3706.0	1.0
66	29379.0	20484.0	0.9075	3223.0	1.0
67	44214.0	21632.0	0.829	3292.0	1.0
68	32352.0	21516.0	0.9015	2905.0	1.0
69	38801.0	21823.0	0.865	3157.0	1.0
70	84528.0	22847.0	0.739	2921.0	1.0
71	34665.0	22862.0	0.897	3381.0	1.0
72	33862.0	21722.0	0.902	2892.0	1.0
73	48907.0	24975.0	0.8405	3527.0	1.0
74	59992.0	21575.0	0.7755	2900.0	1.0
75	38269.0	21268.0	0.8675	3089.0	1.0
76	32267.0	20463.0	0.88	3113.0	1.0
77	44124.0	20696.0	0.8265	3428.0	1.0
78	36545.0	20664.0	0.872	2801.0	1.0
79	31206.0	21415.0	0.905	3130.0	1.0
80	139041.0	16662.0	0.594	3920.0	1.0
81	66436.0	20255.0	0.221	12464.0	0.7935
82	113296.0	24172.0	0.639	4061.0	1.0
83	31422.0	21925.0	0.908	3549.0	1.0
84	38015.0	22299.0	0.871	3527.0	1.0
85	35947.0	20026.0	0.862	3015.0	1.0
86	34098.0	21010.0	0.8825	2997.0	1.0
87	58100.0	22147.0	0.7845	3142.0	1.0
88	50553.0	22599.0	0.8185	2693.0	1.0
89	42239.0	22098.0	0.8485	3093.0	1.0
90	36922.0	21200.0	0.86	3130.0	1.0
91	36228.0	20691.0	0.8665	3116.0	1.0
92	34412.0	20977.0	0.8855	2925.0	1.0
93	53882.0	21151.0	0.798	3010.0	1.0
94	38244.0	23125.0	0.874	3547.0	1.0
95	36732.0	20857.0	0.856	3149.0	1.0
96	30884.0	20121.0	0.89	3084.0	1.0
97	44862.0	22892.0	0.8325	3628.0	1.0
98	85746.0	23582.0	0.736	3020.0	1.0
99	44736.0	22584.0	0.849	2999.0	1.0
0	31728.0	20669.0	0.9025	2801.0	1.0
1	33174.0	19301.0	0.867	3278.0	1.0
2	36808.0	21864.0	0.8745	3114.0	1.0
3	67476.0	22335.0	0.7715	3029.0	1.0
4	39103.0	20790.0	0.8505	3161.0	1.0
5	65291.0	23387.0	0.7845	3429.0	1.0
6	118746.0	24799.0	0.692	3547.0	1.0
7	58989.0	22634.0	0.7915	3001.0	1.0
8	46764.0	20433.0	0.806	3113.0	1.0
9	33307.0	21360.0	0.8965	3155.0	1.0
10	35499.0	21668.0	0.885	3060.0	1.0
11	32683.0	21336.0	0.8995	3113.0	1.0
12	33703.0	21668.0	0.8905	2915.0	1.0
13	33653.0	20985.0	0.8955	3101.0	1.0
14	50017.0	21809.0	0.8125	3017.0	1.0
15	103257.0	24313.0	0.562	4010.0	0.9995
16	111511.0	26109.0	0.649	3818.0	1.0
17	36278.0	22159.0	0.8835	3008.0	1.0
18	36978.0	20862.0	0.857	3004.0	1.0
19	120348.0	24474.0	0.669	3572.0	1.0
20	87323.0	20633.0	0.704	3068.0	1.0
21	85567.0	22250.0	0.7315	3140.0	1.0
22	45570.0	23960.0	0.8575	3289.0	1.0
23	37863.0	20862.0	0.8635	3097.0	1.0
24	48274.0	22600.0	0.8225	3217.0	1.0
25	52699.0	21598.0	0.8085	2845.0	1.0
26	35354.0	21540.0	0.867	3164.0	1.0
27	33947.0	21277.0	0.889	3011.0	1.0
28	35565.0	23098.0	0.8955	3581.0	1.0
29	33547.0	21175.0	0.8985	3223.0	1.0
30	32129.0	19638.0	0.8855	3072.0	1.0
31	46688.0	21425.0	0.825	3111.0	1.0
32	41310.0	22133.0	0.8505	3045.0	1.0
33	108415.0	26813.0	0.683	4798.0	1.0
34	76597.0	21387.0	0.7325	3194.0	1.0
35	44398.0	21864.0	0.844	2975.0	1.0
36	45619.0	20732.0	0.8175	3327.0	1.0
37	36317.0	20899.0	0.8675	3099.0	1.0
38	32324.0	21056.0	0.8995	3062.0	1.0
39	53020.0	21513.0	0.8105	3341.0	1.0
40	91425.0	23039.0	0.728	2961.0	1.0
41	73726.0	21692.0	0.742	2871.0	1.0
42	34724.0	20055.0	0.869	2999.0	1.0
43	32505.0	19445.0	0.871	3076.0	1.0
44	121212.0	23690.0	0.688	3564.0	1.0
45	106459.0	25349.0	0.6005	4728.0	1.0
46	52105.0	20791.0	0.7935	2951.0	1.0
47	64599.0	24193.0	0.775	3760.0	1.0
48	44382.0	23123.0	0.843	3311.0	1.0
49	39847.0	20005.0	0.828	3238.0	1.0
50	37952.0	20482.0	0.8565	3163.0	1.0
51	44999.0	21553.0	0.8255	3131.0	1.0
52	94008.0	23062.0	0.5085	3918.0	1.0
53	30244.0	20282.0	0.896	3326.0	1.0
54	52385.0	23407.0	0.826	3070.0	1.0
55	41439.0	21084.0	0.842	3186.0	1.0
56	35233.0	22561.0	0.903	3054.0	1.0
57	46153.0	20748.0	0.8205	2840.0	1.0
58	37675.0	22566.0	0.8825	3182.0	1.0
59	131793.0	21839.0	0.6245	4073.0	1.0
60	31385.0	21410.0	0.9055	2995.0	1.0
61	43546.0	21616.0	0.8315	3247.0	1.0
62	31679.0	21613.0	0.9135	2936.0	1.0
63	33040.0	20486.0	0.8805	3218.0	1.0
64	30861.0	21474.0	0.917	3135.0	1.0
65	53714.0	23112.0	0.7995	3592.0	1.0
66	32593.0	20999.0	0.892	3145.0	1.0
67	43527.0	22084.0	0.84	3356.0	1.0
68	33829.0	21193.0	0.8835	3697.0	1.0
69	37879.0	21095.0	0.8675	3087.0	1.0
70	94116.0	22075.0	0.7125	3478.0	1.0
71	35185.0	22664.0	0.8955	3403.0	1.0
72	32969.0	21448.0	0.895	3073.0	1.0
73	50463.0	24295.0	0.8215	3722.0	1.0
74	64950.0	22771.0	0.777	3099.0	1.0
75	38647.0	20737.0	0.8555	2940.0	1.0
76	31761.0	20128.0	0.8845	3043.0	1.0
77	43569.0	22755.0	0.837	3518.0	1.0
78	37640.0	21302.0	0.8665	2889.0	1.0
79	30157.0	20977.0	0.9125	3072.0	1.0
80	135045.0	17253.0	0.611	3773.0	1.0
81	66442.0	21758.0	0.2255	14565.0	0.799
82	129142.0	23177.0	0.6585	3688.0	1.0
83	30673.0	21423.0	0.9165	3346.0	1.0
84	36292.0	21748.0	0.8745	3158.0	1.0
85	35541.0	19530.0	0.8555	3066.0	1.0
86	32962.0	21048.0	0.89	3009.0	1.0
87	69350.0	22154.0	0.7605	3047.0	1.0
88	48081.0	23151.0	0.8375	2954.0	1.0
89	40245.0	21682.0	0.853	3024.0	1.0
90	36093.0	22549.0	0.888	3131.0	1.0
91	36437.0	20618.0	0.8685	3148.0	1.0
92	35363.0	20955.0	0.879	2867.0	1.0
93	54877.0	21842.0	0.7915	3206.0	1.0
94	40730.0	23490.0	0.8585	3833.0	1.0
95	35842.0	21941.0	0.8805	3192.0	1.0
96	34238.0	21900.0	0.897	3113.0	1.0
97	42833.0	21267.0	0.828	3665.0	1.0
98	71931.0	21429.0	0.744	2876.0	1.0
99	46464.0	22467.0	0.8265	3020.0	1.0
0	31025.0	21573.0	0.916	3013.0	1.0
1	33448.0	19252.0	0.8595	3018.0	1.0
2	34575.0	20761.0	0.8675	3394.0	1.0
3	77602.0	23464.0	0.744	3380.0	1.0
4	35105.0	20087.0	0.8605	3045.0	1.0
5	72120.0	23028.0	0.757	3571.0	1.0
6	95534.0	24725.0	0.7175	3691.0	1.0
7	57864.0	23013.0	0.7985	3118.0	1.0
8	44500.0	20054.0	0.822	3248.0	1.0
9	34862.0	21183.0	0.879	3184.0	1.0
10	34906.0	20871.0	0.8755	3061.0	1.0
11	32542.0	21124.0	0.894	2960.0	1.0
12	33827.0	21325.0	0.8915	3175.0	1.0
13	34898.0	20415.0	0.8805	2895.0	1.0
14	47173.0	22595.0	0.8295	2960.0	1.0
15	105144.0	24235.0	0.572	3986.0	1.0
16	125316.0	23906.0	0.662	3463.0	1.0
17	35006.0	21303.0	0.8795	3315.0	1.0
18	37724.0	21035.0	0.854	3217.0	1.0
19	109354.0	23915.0	0.692	3315.0	1.0
20	80477.0	22318.0	0.749	3153.0	1.0
21	83493.0	22076.0	0.725	3225.0	1.0
22	44915.0	23571.0	0.853	3526.0	1.0
23	36113.0	20677.0	0.862	3339.0	1.0
24	42645.0	20710.0	0.8375	3234.0	1.0
25	57643.0	22594.0	0.7965	3107.0	1.0
26	33696.0	20977.0	0.878	3172.0	1.0
27	33061.0	20655.0	0.8835	3022.0	1.0
28	38427.0	22183.0	0.879	3228.0	1.0
29	32949.0	22178.0	0.907	3332.0	1.0
30	31301.0	20245.0	0.8965	3013.0	1.0
31	50648.0	22243.0	0.812	3352.0	1.0
32	40629.0	21631.0	0.841	3461.0	1.0
33	104335.0	26591.0	0.7	4587.0	1.0
34	95084.0	22816.0	0.7175	3036.0	1.0
35	45086.0	21892.0	0.8425	3137.0	1.0
36	47649.0	20657.0	0.804	3356.0	1.0
37	36419.0	20230.0	0.861	3078.0	1.0
38	33236.0	21317.0	0.9025	2839.0	1.0
39	52733.0	22264.0	0.808	3240.0	1.0
40	76239.0	22641.0	0.7425	3243.0	1.0
41	71573.0	22523.0	0.752	3200.0	1.0
42	31669.0	19958.0	0.8755	3212.0	1.0
43	32802.0	19359.0	0.881	3012.0	1.0
44	127916.0	24989.0	0.668	4104.0	1.0
45	101779.0	26085.0	0.62	4369.0	1.0
46	64387.0	23266.0	0.7745	2983.0	1.0
47	68267.0	24176.0	0.772	3638.0	1.0
48	44629.0	22985.0	0.843	3337.0	1.0
49	42229.0	20687.0	0.831	3089.0	1.0
50	38539.0	20482.0	0.845	3282.0	1.0
51	39736.0	21207.0	0.853	3046.0	1.0
52	101698.0	21844.0	0.494	3503.0	1.0
53	32468.0	19132.0	0.8745	2904.0	1.0
54	50500.0	22388.0	0.82	3040.0	1.0
55	41888.0	21286.0	0.844	3257.0	1.0
56	33659.0	21960.0	0.9025	3061.0	1.0
57	44429.0	21381.0	0.8435	3004.0	1.0
58	38578.0	21141.0	0.8645	3023.0	1.0
59	137915.0	19359.0	0.6135	4075.0	1.0
60	28451.0	20153.0	0.916	3221.0	1.0
61	45392.0	20569.0	0.814	3166.0	1.0
62	31333.0	20423.0	0.899	2994.0	1.0
63	32244.0	20084.0	0.881	3064.0	1.0
64	32174.0	21124.0	0.899	3073.0	1.0
65	53305.0	23137.0	0.799	3837.0	1.0
66	31981.0	20119.0	0.891	3100.0	1.0
67	50076.0	22520.0	0.8145	3490.0	1.0
68	33771.0	21643.0	0.8985	2997.0	1.0
69	41466.0	22327.0	0.8595	2898.0	1.0
70	91938.0	22411.0	0.7165	3120.0	1.0
71	34905.0	23179.0	0.898	3932.0	1.0
72	32373.0	21333.0	0.9045	2846.0	1.0
73	48305.0	23725.0	0.833	3850.0	1.0
74	66556.0	22027.0	0.7705	2871.0	1.0
75	40982.0	21237.0	0.847	3071.0	1.0
76	33894.0	20461.0	0.876	3096.0	1.0
77	45480.0	21938.0	0.832	3018.0	1.0
78	32745.0	20654.0	0.878	3083.0	1.0
79	33205.0	21803.0	0.902	3205.0	1.0
80	144496.0	17313.0	0.5765	3538.0	1.0
81	66644.0	20815.0	0.233	14880.0	0.8135
82	126739.0	23321.0	0.6355	3352.0	0.9995
83	30738.0	22362.0	0.928	3175.0	1.0
84	38396.0	21841.0	0.866	3052.0	1.0
85	37452.0	19356.0	0.8405	3022.0	1.0
86	33195.0	20724.0	0.888	3068.0	1.0
87	61853.0	22117.0	0.7755	3455.0	1.0
88	51104.0	22166.0	0.814	3119.0	1.0
89	38947.0	21945.0	0.866	3072.0	1.0
90	32778.0	21016.0	0.885	3341.0	1.0
91	34150.0	20571.0	0.871	3389.0	1.0
92	36074.0	20440.0	0.8695	2890.0	1.0
93	57028.0	22020.0	0.783	3066.0	1.0
94	42602.0	23642.0	0.8465	3921.0	1.0
95	41146.0	22055.0	0.8565	3133.0	1.0
96	33468.0	20389.0	0.8795	2840.0	1.0
97	40716.0	21909.0	0.8515	3150.0	1.0
98	84025.0	23140.0	0.732	3127.0	1.0
99	46065.0	21247.0	0.8215	3224.0	1.0
0	32852.0	21362.0	0.9055	3049.0	1.0
1	35064.0	20017.0	0.8565	3242.0	1.0
2	39810.0	21923.0	0.8575	3369.0	1.0
3	75786.0	22041.0	0.7395	3161.0	1.0
4	38510.0	20265.0	0.848	2912.0	1.0
5	65664.0	22111.0	0.77	3156.0	1.0
6	104397.0	25023.0	0.6955	3523.0	1.0
7	57180.0	24202.0	0.796	3397.0	1.0
8	52431.0	20634.0	0.802	3258.0	1.0
9	31927.0	20841.0	0.8925	3077.0	1.0
10	35048.0	21797.0	0.8885	3188.0	1.0
11	33729.0	21380.0	0.8895	3058.0	1.0
12	31209.0	21134.0	0.9065	3100.0	1.0
13	33587.0	20986.0	0.8925	2928.0	1.0
14	53613.0	22744.0	0.807	3185.0	1.0
15	99146.0	24861.0	0.549	4192.0	0.99
16	129047.0	24027.0	0.664	3428.0	1.0
17	35429.0	22040.0	0.886	3259.0	1.0
18	37675.0	21139.0	0.8545	3109.0	1.0
19	95960.0	24198.0	0.7045	3786.0	1.0
20	81522.0	22415.0	0.7305	3264.0	1.0
21	87120.0	22306.0	0.7225	3031.0	1.0
22	40480.0	22639.0	0.8715	3137.0	1.0
23	40172.0	21111.0	0.8505	2902.0	1.0
24	40830.0	20559.0	0.834	3212.0	1.0
25	53729.0	21851.0	0.804	2941.0	1.0
26	34900.0	20488.0	0.8735	2943.0	1.0
27	32302.0	20394.0	0.8885	3109.0	1.0
28	39071.0	22713.0	0.8755	3244.0	1.0
29	31548.0	21668.0	0.9105	3289.0	1.0
30	33185.0	20491.0	0.8785	3201.0	1.0
31	55209.0	22226.0	0.7985	3252.0	1.0
32	43826.0	21824.0	0.8285	3289.0	1.0
33	98146.0	27962.0	0.6975	5010.0	1.0
34	84187.0	22243.0	0.721	2927.0	1.0
35	46845.0	21612.0	0.828	3082.0	1.0
36	47689.0	20816.0	0.8075	3133.0	1.0
37	33145.0	19446.0	0.8615	2910.0	1.0
38	31641.0	20948.0	0.9005	3032.0	1.0
39	52889.0	23012.0	0.8085	3395.0	1.0
40	83103.0	23327.0	0.721	3258.0	1.0
41	65272.0	23370.0	0.7885	2791.0	1.0
42	32407.0	20426.0	0.893	2912.0	1.0
43	34872.0	20376.0	0.873	2951.0	1.0
44	126557.0	23624.0	0.6705	3831.0	1.0
45	111260.0	24343.0	0.6105	4270.0	1.0
46	64229.0	23565.0	0.7895	2894.0	1.0
47	66638.0	24143.0	0.7615	4015.0	1.0
48	41683.0	22344.0	0.853	3318.0	1.0
49	47719.0	20035.0	0.804	3281.0	1.0
50	39056.0	19352.0	0.8325	2978.0	1.0
51	38352.0	19890.0	0.8515	2949.0	1.0
52	99842.0	20463.0	0.481	3823.0	1.0
53	33228.0	20374.0	0.8785	3089.0	1.0
54	49573.0	23200.0	0.83	3152.0	1.0
55	44552.0	20211.0	0.8245	3109.0	1.0
56	35892.0	22822.0	0.905	3068.0	1.0
57	48860.0	21303.0	0.8165	2959.0	1.0
58	39376.0	21496.0	0.867	3003.0	1.0
59	135515.0	20126.0	0.608	3760.0	1.0
60	30158.0	21024.0	0.917	3057.0	1.0
61	42815.0	20987.0	0.8285	3160.0	1.0
62	31222.0	20967.0	0.904	3143.0	1.0
63	32561.0	20778.0	0.8895	3186.0	1.0
64	31248.0	21363.0	0.909	3093.0	1.0
65	53422.0	23778.0	0.8045	3838.0	1.0
66	31673.0	20900.0	0.897	3390.0	1.0
67	45927.0	21892.0	0.8295	3079.0	1.0
68	30963.0	20901.0	0.9065	2927.0	1.0
69	38497.0	21532.0	0.86	3103.0	1.0
70	97776.0	23051.0	0.713	3261.0	1.0
71	34277.0	22838.0	0.8955	3510.0	1.0
72	32640.0	21568.0	0.8985	3124.0	1.0
73	46224.0	24289.0	0.8455	3601.0	1.0
74	57682.0	22636.0	0.798	2925.0	1.0
75	38476.0	20761.0	0.86	3076.0	1.0
76	35159.0	20699.0	0.8635	3359.0	1.0
77	43895.0	21365.0	0.8275	3360.0	1.0
78	34356.0	20923.0	0.8785	3088.0	1.0
79	31178.0	20900.0	0.9045	2924.0	1.0
80	146530.0	16501.0	0.5895	3763.0	1.0
81	66421.0	18436.0	0.2245	13505.0	0.7945
82	122881.0	24608.0	0.6485	3419.0	1.0
83	30204.0	21721.0	0.9255	3318.0	1.0
84	37082.0	22492.0	0.89	3298.0	1.0
85	36584.0	20281.0	0.853	3163.0	1.0
86	33053.0	20748.0	0.8805	2887.0	1.0
87	69114.0	23127.0	0.7655	3279.0	1.0
88	50632.0	22712.0	0.825	3231.0	1.0
89	35634.0	21193.0	0.8695	3159.0	1.0
90	37146.0	22820.0	0.886	3390.0	1.0
91	38048.0	21161.0	0.8625	3359.0	1.0
92	36559.0	22066.0	0.879	3275.0	1.0
93	52373.0	21326.0	0.801	3033.0	1.0
94	38320.0	21912.0	0.8655	3353.0	1.0
95	40117.0	21222.0	0.849	3074.0	1.0
96	34295.0	20533.0	0.877	3083.0	1.0
97	39773.0	21403.0	0.847	3524.0	1.0
98	77959.0	22346.0	0.739	2942.0	1.0
99	47278.0	21816.0	0.8245	2996.0	1.0
0	31332.0	21766.0	0.912	3150.0	1.0
1	31977.0	18695.0	0.867	3173.0	1.0
2	39490.0	21286.0	0.8535	3200.0	1.0
3	69832.0	22279.0	0.762	2912.0	1.0
4	39229.0	21077.0	0.85	3059.0	1.0
5	66132.0	21638.0	0.7535	3532.0	1.0
6	110638.0	24389.0	0.6895	3644.0	1.0
7	50036.0	22667.0	0.8115	2931.0	1.0
8	49038.0	20829.0	0.81	3142.0	1.0
9	31987.0	20670.0	0.892	2885.0	1.0
10	34286.0	20648.0	0.885	3067.0	1.0
11	35255.0	21602.0	0.887	3274.0	1.0
12	30697.0	20712.0	0.9065	3154.0	1.0
13	32211.0	20520.0	0.891	3019.0	1.0
14	49634.0	22254.0	0.817	3181.0	1.0
15	109683.0	22394.0	0.5425	4127.0	1.0
16	131571.0	23424.0	0.664	3594.0	1.0
17	34877.0	21827.0	0.8915	2987.0	1.0
18	36822.0	20740.0	0.854	3225.0	1.0
19	99447.0	23947.0	0.6995	3461.0	1.0
20	81391.0	21046.0	0.7335	2891.0	1.0
21	82251.0	22802.0	0.718	3082.0	1.0
22	41541.0	23647.0	0.8555	3703.0	1.0
23	39569.0	20841.0	0.8455	3095.0	1.0
24	42011.0	20664.0	0.84	2926.0	1.0
25	50656.0	21818.0	0.809	3080.0	1.0
26	34630.0	21128.0	0.878	3094.0	1.0
27	33208.0	20435.0	0.8825	3123.0	1.0
28	38103.0	23111.0	0.8845	3416.0	1.0
29	34896.0	22655.0	0.8985	3493.0	1.0
30	30331.0	19346.0	0.9	2651.0	1.0
31	51240.0	22370.0	0.8075	3108.0	1.0
32	45660.0	22998.0	0.8425	3086.0	1.0
33	99228.0	26971.0	0.702	4284.0	1.0
34	94644.0	23747.0	0.7065	3354.0	1.0
35	46962.0	22031.0	0.8305	3082.0	1.0
36	46758.0	21274.0	0.827	2993.0	1.0
37	36470.0	20389.0	0.8565	3219.0	1.0
38	33761.0	20551.0	0.885	2942.0	1.0
39	55696.0	22474.0	0.8005	3302.0	1.0
40	79618.0	21968.0	0.729	3150.0	1.0
41	62130.0	21714.0	0.7675	3099.0	1.0
42	31233.0	19546.0	0.881	3056.0	1.0
43	35318.0	20487.0	0.8655	3149.0	1.0
44	109539.0	23371.0	0.6895	3415.0	1.0
45	109475.0	25222.0	0.6315	4312.0	1.0
46	61662.0	22905.0	0.7795	3025.0	1.0
47	63781.0	26366.0	0.778	4131.0	1.0
48	43808.0	22569.0	0.849	3057.0	1.0
49	40872.0	20430.0	0.836	3393.0	1.0
50	43523.0	19852.0	0.8255	2952.0	1.0
51	40536.0	20332.0	0.839	2974.0	1.0
52	102302.0	21044.0	0.487	3727.0	1.0
53	31856.0	19602.0	0.876	3366.0	1.0
54	51324.0	22551.0	0.8215	3079.0	1.0
55	42124.0	20729.0	0.8375	3335.0	1.0
56	34766.0	21961.0	0.8935	3347.0	1.0
57	46656.0	20906.0	0.82	2931.0	1.0
58	38284.0	22069.0	0.8715	3182.0	1.0
59	135468.0	20283.0	0.6325	3717.0	1.0
60	31543.0	20900.0	0.902	2914.0	1.0
61	48366.0	22167.0	0.809	3572.0	1.0
62	31604.0	21189.0	0.9065	2989.0	1.0
63	35214.0	20822.0	0.872	3432.0	1.0
64	30811.0	21037.0	0.901	3405.0	1.0
65	55123.0	23589.0	0.7975	3950.0	1.0
66	32177.0	20875.0	0.9005	2991.0	1.0
67	49881.0	22583.0	0.8105	3494.0	1.0
68	33708.0	21769.0	0.899	3038.0	1.0
69	39163.0	22790.0	0.8765	3145.0	1.0
70	87829.0	22925.0	0.7265	3166.0	1.0
71	34142.0	23073.0	0.9005	3579.0	1.0
72	31668.0	21067.0	0.9005	3233.0	1.0
73	44773.0	23311.0	0.8425	3599.0	1.0
74	59439.0	21289.0	0.778	2810.0	1.0
75	38384.0	20156.0	0.8485	3031.0	1.0
76	31933.0	20768.0	0.886	3320.0	1.0
77	45157.0	21635.0	0.828	3429.0	1.0
78	37934.0	21846.0	0.8675	3314.0	1.0
79	31843.0	22062.0	0.9105	2957.0	1.0
80	135589.0	16095.0	0.605	3795.0	1.0
81	66645.0	19998.0	0.2085	17232.0	0.7795
82	119341.0	25043.0	0.635	3643.0	1.0
83	29694.0	21990.0	0.931	3482.0	1.0
84	36723.0	21785.0	0.8765	3465.0	1.0
85	30191.0	18122.0	0.8715	3059.0	1.0
86	32979.0	20637.0	0.8855	3063.0	1.0
87	76529.0	23458.0	0.7505	3403.0	1.0
88	45947.0	22659.0	0.835	3197.0	1.0
89	40328.0	21427.0	0.8555	3029.0	1.0
90	35155.0	22517.0	0.892	3080.0	1.0
91	36798.0	21545.0	0.871	3313.0	1.0
92	38398.0	21591.0	0.8645	2970.0	1.0
93	59178.0	22046.0	0.7885	3019.0	1.0
94	40359.0	23422.0	0.861	3802.0	1.0
95	38950.0	22082.0	0.867	3414.0	1.0
96	34574.0	20897.0	0.8875	3143.0	1.0
97	44658.0	22199.0	0.831	3467.0	1.0
98	61218.0	22740.0	0.7855	2848.0	1.0
99	47637.0	22334.0	0.838	2830.0	1.0
0	30373.0	20678.0	0.9115	3010.0	1.0
1	33389.0	19799.0	0.872	3216.0	1.0
2	36133.0	21451.0	0.872	3264.0	1.0
3	66957.0	21866.0	0.764	3186.0	1.0
4	41759.0	21466.0	0.846	3134.0	1.0
5	68742.0	22565.0	0.754	3384.0	1.0
6	104755.0	24634.0	0.7075	3755.0	1.0
7	54982.0	23094.0	0.799	2874.0	1.0
8	51749.0	21095.0	0.802	3329.0	1.0
9	34366.0	21431.0	0.8985	2982.0	1.0
10	34302.0	21074.0	0.8805	3051.0	1.0
11	31278.0	21260.0	0.909	3297.0	1.0
12	33192.0	20515.0	0.8795	3140.0	1.0
13	32827.0	20921.0	0.8875	3011.0	1.0
14	50708.0	21906.0	0.8	3059.0	1.0
15	97293.0	25056.0	0.559	5086.0	1.0
16	135865.0	24336.0	0.665	3959.0	1.0
17	33976.0	21080.0	0.888	3063.0	1.0
18	37324.0	20688.0	0.8635	2832.0	1.0
19	107932.0	23940.0	0.6685	3877.0	1.0
20	81753.0	21720.0	0.738	2853.0	1.0
21	83984.0	22314.0	0.732	3090.0	1.0
22	41062.0	23210.0	0.867	3439.0	1.0
23	37969.0	20038.0	0.8395	3240.0	1.0
24	39655.0	20352.0	0.8355	3146.0	1.0
25	57263.0	22644.0	0.8065	2832.0	1.0
26	35072.0	21257.0	0.88	3000.0	1.0
27	33812.0	21096.0	0.8865	3286.0	1.0
28	35453.0	22441.0	0.8915	2934.0	1.0
29	33184.0	21812.0	0.9045	3274.0	1.0
30	32095.0	20072.0	0.8885	3033.0	1.0
31	49030.0	21989.0	0.8165	3154.0	1.0
32	47900.0	22507.0	0.825	3152.0	1.0
33	91426.0	28392.0	0.705	5334.0	1.0
34	76012.0	22587.0	0.741	3094.0	1.0
35	41409.0	21172.0	0.845	2902.0	1.0
36	46997.0	21145.0	0.818	3294.0	1.0
37	35206.0	19795.0	0.86	3031.0	1.0
38	30548.0	20074.0	0.894	3152.0	1.0
39	58922.0	22522.0	0.7815	3565.0	1.0
40	72769.0	21219.0	0.7355	2925.0	1.0
41	68166.0	21936.0	0.7695	3042.0	1.0
42	32418.0	19409.0	0.8805	2930.0	1.0
43	33546.0	19921.0	0.869	3182.0	1.0
44	110084.0	23180.0	0.693	3442.0	1.0
45	105940.0	26457.0	0.613	4333.0	1.0
46	59298.0	22368.0	0.7895	2873.0	1.0
47	57947.0	24455.0	0.7855	4121.0	1.0
48	37092.0	21964.0	0.872	3526.0	1.0
49	42111.0	20822.0	0.8345	3047.0	1.0
50	37447.0	19315.0	0.8425	2765.0	1.0
51	41385.0	20401.0	0.838	3062.0	1.0
52	107832.0	21968.0	0.5115	4198.0	1.0
53	30725.0	19042.0	0.885	3057.0	1.0
54	53697.0	22859.0	0.814	2885.0	1.0
55	39351.0	20259.0	0.842	3187.0	1.0
56	35844.0	22679.0	0.8885	3358.0	1.0
57	39730.0	20353.0	0.8455	2774.0	1.0
58	37971.0	22428.0	0.8795	3208.0	1.0
59	157357.0	19955.0	0.631	3683.0	1.0
60	30037.0	20190.0	0.9085	2756.0	1.0
61	42914.0	21338.0	0.8355	3148.0	1.0
62	32498.0	21891.0	0.8985	3157.0	1.0
63	32632.0	19821.0	0.876	3113.0	1.0
64	30985.0	21571.0	0.9145	2986.0	1.0
65	51111.0	23083.0	0.805	3881.0	1.0
66	33856.0	20375.0	0.8865	3095.0	1.0
67	46197.0	21709.0	0.822	3199.0	1.0
68	33155.0	21524.0	0.9	3089.0	1.0
69	39899.0	23277.0	0.8645	3365.0	1.0
70	102034.0	24067.0	0.712	3244.0	1.0
71	34536.0	22594.0	0.8995	3464.0	1.0
72	34114.0	21513.0	0.8945	2913.0	1.0
73	45151.0	24270.0	0.8505	3459.0	1.0
74	62975.0	21715.0	0.7705	3000.0	1.0
75	40286.0	21473.0	0.8525	3094.0	1.0
76	32776.0	20240.0	0.88	3161.0	1.0
77	41662.0	20916.0	0.83	3396.0	1.0
78	37242.0	21705.0	0.8705	3161.0	1.0
79	31103.0	21373.0	0.914	2911.0	1.0
80	146685.0	15932.0	0.575	3638.0	1.0
81	66424.0	19211.0	0.224	14924.0	0.84
82	125345.0	23311.0	0.6745	3294.0	1.0
83	31201.0	21572.0	0.9155	3381.0	1.0
84	36024.0	22488.0	0.8825	3435.0	1.0
85	35268.0	19972.0	0.8605	3138.0	1.0
86	37048.0	21362.0	0.876	3129.0	1.0
87	79382.0	22124.0	0.7385	3146.0	1.0
88	50351.0	21137.0	0.8045	2914.0	1.0
89	42246.0	21929.0	0.856	2865.0	1.0
90	36415.0	22803.0	0.88	3299.0	1.0
91	34124.0	20385.0	0.8735	3321.0	1.0
92	35746.0	21347.0	0.875	3408.0	1.0
93	59673.0	21279.0	0.782	2939.0	1.0
94	40703.0	23314.0	0.862	3828.0	1.0
95	37101.0	21601.0	0.8705	3090.0	1.0
96	33381.0	20973.0	0.8815	3302.0	1.0
97	43887.0	23217.0	0.837	3651.0	1.0
98	65073.0	21598.0	0.755	3172.0	1.0
99	43706.0	20543.0	0.833	2937.0	1.0
